Course_Name,Course_Description,learning_goals,level,duration,Time,Exam,Project,Course_Content
مقدمة في المشاريع التقنية,سنتعرف في هذة الدورة على ماهية المشاريع التقنية ، من ثم عناصرها الى ان ننتقل لدورة حياة المشاريع التقنية وانوعها وختاما سنتعرف على العمليات والبرامج والمحافظ في المجال التقني,"ماهو المشروع وصفاته وأمثلة للمشاريع التقنية, ماهي عناصر المشروع وتطبيق عملي لفهمهم, دورات حياة المشاريع التقنية وانواعها, ماهي العمليات والبرامج والمحافظ في المجال التقني",مبتدئ,ساعتان,120 دقيقة تدريبية,5  اختبارات,no,"وصف الدورة,  ماهو المشروع ؟,  عناصر المشروع,  انواع دورة حياة المشاريع,  العمليات والبرنامج والمحفظة,  دراسة حالة مشروع"
تعلم الآلة (ML) - 101,يهدف الدورة للتعرف على مفهوم تعلم الآلة (Machine Learning)، وأنوعه وتطبيقاته، كما سيتم التعرف على مراحل بناء نماذج تعلم الآلة وما هي خوارزميات تعلم الآلة.,"أنواع خوارزميات تعلم الآلة., مراحل بناء نماذج تعلم الآلة., خوارزميات الانحدار (Regression Algorithms).",متوسط,ساعتان,120 دقيقة تدريبية,3  اختبارات,مشروعان,"مقدمة عن تعلم الآلة,  خوارزميات الانحدار,  تطبيق عملي لخوارزميات الانحدار,  المشروع"
تحليل البيانات الاستكشافي (EDA),تهدف الدورة للتعرف على خطوات تحليل البيانات الاستكشافي (EDA - Exploratory Data Analysis) من عدة زوايا وعدة تحليلات والتي تساعد بدورها في فهم البيانات بشكل أكبر.,"التحليل الوصفي (Descriptive Analysis), تحليل متغير واحد (Univariate Analysis), تحليل متغيرين (Bivariate Analysis), تحليل عدة متغيرات (Multivariate Analysis)",متوسط,ساعتان,120 دقيقة تدريبية,4  اختبارات,مشروع واحد,"مقدمة عن EDA,  خطوات التحليل الاستكشافي,  تحليل متغير واحد (Univariate Analysis),  تحليل متغيرين (Bivariate Analysis),  تحليل عدة متغيرات (Multivariate Analysis),  المشروع"
تمثيل البيانات: مكتبة Seaborn,تهدف الدورة للتعرف على ما هي مكتبة Seaborn، وما هي أنواع الرسوم البيانية وتمثيل وتعديل خصائص البيانات باستخدام الرسوم البيانية التابعة لها،,"التعرف على مكتبة Seaborn., التعرف على أنواع الرسوم البيانية., التعرف على كيفية التعديل على خصائص الرسوم البيانية.",مبتدئ,ساعتان,120 دقيقة تدريبية,اختباران,مشروعان,"مقدمة عن مكتبة Seaborn,  أنواع الرسوم البيانية في مكتبة Seaborn,  المشروع"
تمثيل البيانات: مكتبة Matplotlib,تهدف الدورة للتعرف على كيفية تمثيل البيانات باستخدام الرسوم البيانية التابعة لمكتبة Matplotlib.,"التعرف على أنواع الرسوم البيانية., التعرف على كيفية التعديل على خصائص الرسوم البيانية., التعرف على كيفية إنشاء الرسوم البيانية على شكل Subplots.",متوسط,ساعتان,120 دقيقة تدريبية,7  اختبارات,مشروعان,"مقدمة عن مكتبة Matplotlib,  Histogram Charts,  Line Charts,  Bar Charts,  Pie Charts,  Scatter Charts,  إنشاء Subplots و حفظ الرسوم البيانية,  المشروع"
تحليل ومعالجة البيانات: مكتبة Pandas,في هذه الدورة سنتعرف على مكتبة Pandas التي تساعدنا على التعامل مع البيانات ومعالجتها وتحليلها,"كيفية إنشاء إطار بيانات وتنفيذ العمليات عليه, الوصول للبيانات واسترجاعها, تطبيق أهم الدوال على البيانات",مبتدئ,ساعتان,120 دقيقة تدريبية,4  اختبارات,مشروعان,"مقدمة عن دورة Pandas,  مقدمة في Series,  مقدمة في DataFrame,  استرجاع البيانات,  تطبيق العمليات على البيانات,  المشروع"
JAVA 104,تهدف الدورة  لتطبيق ما تم التعرف عليه في الدورات السابقة في مشروع برمجي بلغة JAVA.,"تطبيق المفاهيم الأساسية للغة JAVA, التعرف على الترتيب الصحيح لبناء مشروع بلغة JAVA, تطبيق بعض مفاهيم البرمجة الكائنية بلغة JAVA",متقدم,3  ساعات,180 دقيقة تدريبية,no,no,"تعريف بالدورة,  الجزء الأول,  الجزء الثاني,  الجزء الثالث"
JAVA 103,تهدف الدورة للتعرف على بعض المفاهيم التي تتعلق بالبرمجة كائنية التوجه OOP وآلية تطبيقها في لغة Java.,"التعرف على بعض المفاهيم التي تتعلق بالبرمجة كائنية التوجه في JAVA, التطبيق على مفهوم Encapsulation في JAVA, التطبيق على مفهوم Inheritance في JAVA, التطبيق على مفهوم Polymorphism في JAVA, التطبيق على مفهوم Abstraction في JAVA",متقدم,ساعتان,120 دقيقة تدريبية,5  اختبارات,11  مشروع,"مقدمة في البرمجة كائنية التوجه في JAVA,  Inheritance في JAVA,  Encapsulation في JAVA,  Polymorphism في JAVA,  Abstraction في JAVA,  مشروع برمجي"
JAVA 102,تهدف الدورة للتعرف على تطبيق المصفوفات والدوال، وكيفية عمل التكرار والاستثناءات في لغة JAVA.,"التطبيق على المصفوفات وعملياتها باستخدام لغة JAVA, التطبيق على الدوال باستخدام لغة JAVA, التطبيق على عمليات التكرار باستخدام لغة JAVA, التعرف على الاستثناءات في لغة JAVA وطريقة التعامل معها",متوسط,ساعتان,120 دقيقة تدريبية,4  اختبارات,no,"المصفوفات في لغة JAVA,  الدوال في لغة JAVA,  التكرار في لغة JAVA,  الاستثناءات في لغة JAVA,  مشروع برمجي"
مقدمة في Object Oriented Programming (OOP),للتعرف على أهم مفاهيم البرمجة الكائنية، وأهميتها في عالم البرمجة دون التطرق لأي لغة معينة.,"التعرف على أهمية مفهوم OOP في عالم البرمجة., التعرف على مفاهيم Class و Object ومدى أهميتهما., التعرف على مفهوم Inheritance، وهو أحد المفاهيم المتعلقة بمفهوم OOP., التعرف على مفهوم Abstraction، وهو أحد المفاهيم المتعلقة بمفهوم OOP., التعرف على مفهوم Encapsulation، وهو أحد المفاهيم المتعلقة بمفهوم OOP., التعرف على مفهوم Polymorphism، وهو أحد المفاهيم المتعلقة بمفهوم OOP.",متوسط,ساعتان,120 دقيقة تدريبية,7  اختبارات,no,"مقدمة عن الدورة,  مقدمة في مفهوم OOP,  مقدمة في مفهوم Class و Object,  مبادئ مفهوم OOP,  مقدمة في مفهوم Inheritance,  مقدمة في مفهوم Abstraction,  مقدمة في مفهوم Encapsulation,  مقدمة في مفهوم Polymorphism"
JAVA 101,تهدف الدورة للتعرف على أساسيات لغة JAVA، وما هي مميزاتها وكيفية استخداماتها.,"التعرف على أنواع البيانات في JAVA, التعرف على أهم المعاملات في JAVA, التعرف على الشروط في JAVA",مبتدئ,ساعتان,120 دقيقة تدريبية,5  اختبارات,no,"مقدمة عن لغة JAVA,  تعريف عن الدورة ومتطلباتها,  مدخل للغة JAVA,  تعريف البيانات في JAVA,  المعاملات في JAVA,  الشروط في JAVA,  مشروع برمجي"
مقدمة في البرمجة Intro to Programming,للتعرف على المفاهيم الأساسية في البرمجة عامةً دون التطرق إلى أي لغة برمجية على نحو خاص، حيث ستسهل عليك معلومات هذه الدورة تعلم  أي لغة برمجية بشكل سريع وسلس.,"التعرف على المفاهيم الأساسية في تنفيذ أوامر البرنامج., التعرف على مفهوم البيانات والعمليات., التعرف على المفاهيم الأساسية في البرمجة. مثل: المتغيرات، الثوابت، المصفوفات، التكرار، الشروط، والدوال.",مبتدئ,3  ساعات,180 دقيقة تدريبية,10  اختبار,no,"مقدمة عن الدورة,  مقدمة عن البرمجة,  مفهوم المتغيرات | Variables,  مفهوم الثوابت | Constant,  مفهوم التعليقات | Comments,  أنواع البيانات | Data Types,  مفهوم العمليات | Operators,  مفهوم الشروط | Conditions,  مفهوم التكرار | Loops,  مفهوم المصفوفة | Array,  مفهوم الدوال | Functions,  المشروع النهائي"
Unity 101,في هذه الدورة ستتعلم كيفية تحميل وتثبيت بيئة Unity، بالإضافة إلى أساسيات التعامل مع بيئة وأجزاء Unity.,"التعرف على Unity, تحميل وتثبيت Unity, التعرف على واجهة Unity, التعامل مع Objects في بيئة Unity",مبتدئ,ساعتان,120 دقيقة تدريبية,اختباران,مشروع واحد,"مقدمة الدورة,  تجهيز البيئة,  التعرف على واجهة Unity,  التعامل مع Objects,  نصائح مُساعِدة,  مشاريع تطبيقية مُساعِدة,  مشروع"
JSON 101,يهدف البرنامج إلى التعرف على صيغة ال  JSON، وأهمية استخدامها وما هي أنواع البيانات التي توجد فيها.,"التعرف على صيغة JSON, التعرف على أهم الاستخدامات لـ JSON, التعرف على أنواع البيانات في JSON",مبتدئ,ساعتان,120 دقيقة تدريبية,4  اختبارات,مشروع واحد,"تثبيت برنامج Visual Studio Code,  مقدمة في JSON,  ما هو JSON ؟,  أبدا مع JSON,  أنواع البيانات في JSON,  مقدمة في ال JSON Schema,  مشروع تطبيقي"
C++ 104,تهدف الدورة إلى التعرف على أهمية Arrays واستخداماتها، وكيفية الوصول للقيم في الذاكرة عن طريق Pointers.,"التعرف على Arrays وكيفية استخدامها, التعرف على أهمية استخدام Pointers وكيفية حفظ عناوين المتغيرات في الذاكرة, التعرف على References وكيفية استخدامها",متوسط,3  ساعات,180 دقيقة تدريبية,3  اختبارات,no,"مقدمة في Arrays,  مقدمة في Pointers,  مقدمة في References,  تمارين عملية"
CI/CD 102,ستتعلم في هذه الدورة على مفاهيم أساسية في CI/CD. مثل كيفية ترجمة وتوضيح فوائد و مميزات CI/CD للأشخاص غير التقنيين. بالإضافة الى آلية تصميم وبناء CI/CD Pipeline.,"ترجمة مميزات CI/CD لغير التقنيين (Business Minded) من جانب رفع العوائد المالية، المحافظة على ميزانية المشروع و خفض التكاليف., أفضل الممارسات Best Practice لتنفيذ CI/CD., آلية تصميم وبناء CI/CD Pipeline.",مبتدئ,ساعة واحدة,60 دقيقة تدريبية,3  اختبارات,مشروع واحد,"مقدمة في الدورة,  ترجمة مميزات CI/CD لغير التقنيين | Business Minded,  آلية تصميم CI/CD Pipeline,  مفاهيم ومصطلحات مهمة في CI/CD,  تمارين اضافية | Concept based Exercises"
C++ 103,يهدف البرنامج إلى التعرف على functions وأهميتها وكيفية استخدامها، والتعرف على النوع string واستخداماته، بالإضافة إلى النطاق لتعريف المتغيرات.,"التعرف على كيفية التعامل مع الدوال Functions, التعرف على كيفية استخدام Strings مع المعاملات, التعرف على مفهوم Local Scope و Block Scope",مبتدئ,ساعتان,120 دقيقة تدريبية,3  اختبارات,no,"التعامل مع Functions,  مقدمة في Strings,  مقدمة في Scopes,  تمارين عملية"
CI/CD 101,تهدف الدورة للتعرف على أساسيات مفهوم CI/CD، بالإضافة إلى فوائد تطبيق مفهوم CI/CD في تسريع عمل الفريق البرمجي.,"التعرف على طبيعة تطوير البرامج دون تطبيق مفهوم CI/CD., التعرف على فائدة ومفهوم Continuous Integration و Continuous Deployment., التعرف على مفاهيم أساسية في CI/CD، قبل البدء في تطبيقه على المشاريع البرمجية.",مبتدئ,ساعتان,120 دقيقة تدريبية,3  اختبارات,مشروع واحد,"مقدمة في مفهوم CI/CD,  قبل وبعد CI/CD,  الاستعداد لتطبيق مفهوم CI/CD على المشاريع البرمجية,  تمارين اضافية"
C++ 102,يهدف البرنامج إلى التعرف على أساسيات المعاملات، مثل العمليات الحسابية والعمليات المنطقية وعمليات المقارنة، والتعرف على جمل الاختيار if statement ،switch statement، بالإضافة إلى جمل التكرار iteration statement، مثل for loop ،While loop.,"التعرف على المعاملات وأنواعها, التعرف على مقدمة في selection statement, التعرف على مقدمة في iteration statement",مبتدئ,ساعتان,120 دقيقة تدريبية,3  اختبارات,no,"مقدمة في المعاملات,  مقدمة في selection statement,  مقدمة في iteration statement,  تمارين عملية"
PHP OOP 104,يهدف البرنامج للتعرف على عدد من مواضيع Object Oriented Programming، وما هي طرق تنفيذها في لغة PHP، كما سيتم التعرف على الدوال المستخدمة وغيرها من المفاهيم.,"مقدمة في Object Oriented Programming, مفهوم Class و Object, مفهوم Traits, مقدمة في Magic Methods",متوسط,3  ساعات,180 دقيقة تدريبية,7  اختبارات,no,"مقدمة عن الدورة,  مقدمة في Class,  مقدمة في Object,  مقدمة في Inheritance,  مقدمة في Abstract,  مقدمة في Traits,  مقدمة في Magic Methods,  Functions المستخدمة مع OOP"
Dart 103,يهدف البرنامج للتعرف على العديد من الدوال التي تمكن من التعامل مع القوائم أو ما تسمي Lists في لغة Dart.,"الإضافة والحذف من القوائم Lists, الوصول إلى عناصر القائمة List, إجراء العمليات على القوائم Lists",متوسط,ساعتان,120 دقيقة تدريبية,no,no,"مقدمة الدورة,  الإضافة والحذف من القائمة,  الوصول لعناصر القائمة,  إجراء عمليات على القائمة"
C++ 101,ستتعلم في هذه الدورة عن أساسيات لغة ++C واستخداماتها، وأهم البرامج المستخدمة فيها وكيفية التعامل مع أنواع البيانات.,"المفاهيم الأساسية المتعلقة بلغة ++C, أهمية لغة ++C واستخداماتها, أهم البرامج والأدوات المستخدمة فيها",مبتدئ,ساعتان,120 دقيقة تدريبية,3  اختبارات,no,"مقدمة في ++C,  تثبيت برنامج Visual Studio Code,  الأدوات والبرامج المستخدمة,  ابدأ مع ++C,  مقدمة في المتغيرات والثوابت,  أنواع البيانات"
Dart 102,يهدف البرنامج للتعرف على الدوال Functions في لغة Dart بالإضافة للعديد من دوال built-in الخاصة بلغة Dart.,"التعرف على مفهوم الدوال في لغة Dart, التعرف على أنواع الدوال built-in في لغة Dart, التعرف على الدوال الأساسية في لغة Dart",متوسط,ساعتان,120 دقيقة تدريبية,3  اختبارات,no,"مقدمة الدورة,  دوال أساسية,  دوال user-defined,  أمثلة على دوال built-in | دوال التعامل مع التاريخ والأرقام"
PHP Array 103,يهدف البرنامج للتعرف على أساسيات Array في لغة PHP، يشمل على أنواع Array وطريقة تعريفها، وما هي الدوال المستخدمة.,"مقدمة في مفهوم Array, أنواع Array, ما هي الدوال المستخدمة مع Array",متوسط,ساعتان,120 دقيقة تدريبية,3  اختبارات,مشروعان,"مقدمة في Array,  مقدمة عن Associative Array,  Functions المستخدمة مع Array,  المشروع النهائي"
Unit Test 102,في هذه الدورة ستتعلم مفاهيم متقدمة في Unit Test Life Cycle وماهي شروط عمل الاختبار وكيفية استخدام pattern لكتابة Unit Test بالإضافة إلى مفهوم Assertions وأنواعه لإجراء الاختبار والتحقق من القيم.,"مفهوم Unit Test Life Cycle, شروط عمل الاختبار, استخدام Pattern لكتابة Unit Test, مفهوم Assertions وأنواعه",متوسط,ساعتان,120 دقيقة تدريبية,3  اختبارات,مشروع واحد,"متطلبات الدورة,  مفهوم Unit Test Life Cycle,  خطوات كتابة Unit Test,  مقدمة في Assertions,  المشروع"
PHP Functions 102,يهدف البرنامج إلى التعرف على طرق التعامل مع Functions وما هي أنواعها، كما يهدف للتعرف على العديد من المفاهيم الأساسية في لغة PHP.,"التعرف على مقدمة في مفهوم Functions, التعرف على جميع أنواع Functions, التعرف على Functions الموجودة في اللغة",مبتدئ,ساعتان,120 دقيقة تدريبية,4  اختبارات,no,"مقدمة في Functions,  مقدمة في User built-in Functions,  دوال التعامل مع النصوص | String Functions,  دوال التعامل مع الارقام | Numbers Functions,  دوال التعامل مع التاريخ | Date Functions"
PHP Basics 101,سنتعرف في هذهِ الدورة على أساسيات المفاهيم البرمجيّة في لغة PHP مثل المتغيرات والثوابت والشروط والتكرار وغيرها من المفاهيم.,"مقدمة عن لغة PHP وطريقة تنزيها, مقدمة في المتغيرات والثوابت والتعليقات, مقدمة في الشروط والتكرار",مبتدئ,3  ساعات,180 دقيقة تدريبية,5  اختبارات,no,"مقدمة في PHP,  أساسيات PHP,  مقدمة في المتغيرات والثوابت,  مقدمة في أنواع البيانات والمعاملات,  مقدمة في Conditions,  مقدمة في Loops"
Unit Test 101,يهدف البرنامج للتعرف على أساسيات Unit Test، وأهمية إنشاء الاختبار عند عمل المشروع وأنواع وخصائص Software Testing، كما يهدف كذلك إلى التعرف على كيفية طريقة تجهيز بيئة الاختبار.,"التعرف على أهمية Unit Test, التعرف على خصائص وأنواع Unit Test, التعرف على كيفية إنشاء بيئة Testing",مبتدئ,ساعة واحدة,60 دقيقة تدريبية,3  اختبارات,no,"مقدمة في Unit Test,  مقدمة في Software Testing,  تجهيز بيئة الاختبار"
Code Documentation 102,في هذه الدورة ستتعرف على كيفية إضافة وصف Documentation عند كتابة الكود، كما ستتعرف على الفروقات بين الأنواع المتعدد لإضافة الوصف، واضافة الخصائص الإضافية عند كتابة مثل Notes و side bar وغيرها.,"كيفية كتابة وصف Documentation, التعرف على طرق إضافة الوصف المتعددة, طريقة إضافة خصائص Tags",متوسط,3  ساعات,180 دقيقة تدريبية,اختباران,مشروع واحد,"متطلبات الدورة,  مقدمة في Description,  إنشاء الوصف المختصر والمفصل,  التعامل مع Tags,  التعامل مع الدوال | Functions,  المشروع"
Code Documentation 101,في هذه الدورة ستتعلم مفهوم Code Documentation وكيفية شرح الكود الذي تقوم بكتابته في البرنامج، وماهي البرامج المخصصة لذلك، كما ستتعرف على Special Comments وأنواعها وطريقة إنشاء Documentation للبرنامج.,"مفهوم Code Documentation., معرفة أنواع Documentation Generators., كيفية استخدام Comment Block.",مبتدئ,ساعتان,120 دقيقة تدريبية,اختباران,مشروع واحد,"متطلبات الدورة,  مقدمة في Code Documentation,  أمثلة على Code Documentation,  تحميل برنامج Doxygen,  التعامل مع Comment Block,  كيفية استخدام برنامج Doxygen,  المشروع"
Secure Shell (SSH) 102,تعرف في هذه الدورة على مفاهيم متقدمة في SSH مثل طرق استعمالات بروتكول SSH وكيفية تسجيل الدخول الآمن وطرق استعمال مصادر جهاز آخر عن بعد.,"الدخول الآمن لخادم أو جهاز آخر عن بعد, كتابة أوامر على جهاز آخر بأمان, نقل الملفات بأمان, التحقق من هوية المستخدم باستعمال Keys",متوسط,ساعتان,120 دقيقة تدريبية,3  اختبارات,no,"مقدمة الدورة,  تسجيل الدخول الآمن | Secure Remote Login,  كتابة أوامر على جهاز آخر بأمان,  نقل الملفات بأمان,  الخاتمة"
GitHub Actions 102,تهدف هذه الدورة للتعرف على مواضيع متقدمة في GitHub Actions، مثل التعرف على عدد من الأنواع الآخرة من Keys، وكيفية طريقة إنشاء متغيرات وغيرها من المواضيع.,"التعرف على طريقة اعتماد Job على Job أخرى, التعرف على كيفية إنشاء متغير واستدعائه في ملف Workflow, التعرف على كيفية إنشاء Secrets واستدعائه في ملف Workflow",متقدم,ساعتان,120 دقيقة تدريبية,3  اختبارات,no,"متطلبات الدورة,  أنواع آخرى من Keys,  مقدمة في Variables,  مقدمة في Secrets"
بناء Node Package,يهدف البرنامج إلى التعرف على آلية بناء ونشر Package على منصة npm.js، بالإضافة إلى معرفة المتطلبات والاحتياجات اللازمة قبل البدء في بناء Node Package.,"التعرف على آلية بناء Package, التعرف على آلية رفع Package على Package Registry, التعرف على آلية تحديث Package الخاص بك على Package Registry",متوسط,ساعة واحدة,60 دقيقة تدريبية,اختبار واحد,no,"تجهيز البيئة,  بناء Node Package,  المشروع | Project"
Secure Shell (SSH) 101,في هذه الدورة ستتعرف على مفهوم بروتكول SSH لأمن الشبكات، كما ستتعرف على الاستعمالات الشائعة لهذا البروتوكول.,"الأخطار الشائعة في الشبكة, مفاهيم لأمن الشبكة, مفهوم Secure Shell, استعمالات بروتكول ssh",مبتدئ,ساعة واحدة,60 دقيقة تدريبية,3  اختبارات,no,"مقدمة الدورة,  أمن الشبكات,  مفهوم Secure Shell,  استعمالات بروتكول ssh"
Packaging and Dependency 101,ستتعرف في هذه الدورة على عدة مفاهيم فيما يخص Packaging and Dependency مثل مفهوم Package، ماذا يحتوي ولماذا يتم استخدامه بالإضافة إلى مفاهيم مثل Package Manager و Dependencies وغيرها.,"مفهوم Package بالإضافة إلى فوائد Package وأنواعه., مفهوم Dependency أو اعتمادية Packages على بعضها البعض., مفهوم Package Manager في إدارة Packages.",مبتدئ,ساعتان,120 دقيقة تدريبية,3  اختبارات,مشروع واحد,"مقدمة في مفهوم Package,  مفهوم Dependency,  مفهوم Package Manager,  مشروع | Project"
Github Actions 101,تهدف الدورة للتعرف على Github Actions، وكيفية إنشاء Workflow، ومعرفة ما هي المفاهيم الخاصة بـ Github Actions.,"التعرف على Github Actions, التعرف على مكونات Github Actions, إنشاء Github Actions",متوسط,ساعتان,120 دقيقة تدريبية,اختباران,no,"مقدمة عن الدورة,  مقدمة عن GitHub Action,  المفاهيم الأساسية,  مثال تطبيقي"
Open Source 104,في هذه الدورة ستتعرف على كيفية انشاء مشروع open source خطوة بخطوة، بالإضافة الى توجيهات لتحسين جودة المشروع.,"توجيهات قبل البدء بانشاء مشروع open source, كيفية انشاء مشروع open source, توجيهات للتحسين من جودة مشروعك",متقدم,3  ساعات,180 دقيقة تدريبية,no,no,"مقدمة الدورة,  متطلبات إنشاء المشروع,  إنشاء مشروع مفتوح المصدر,  تحسين جودة مشروعك مفتوح المصدر,  الخاتمة"
Bash 106,ستتعرف في هذه الدورة على عدة مفاهيم فيما يخص التعامل مع النصوص ومدخلات المستخدم Options بداخل Bash Scripting.,"طريقة استقبال Options من المستخدم بداخل Bash Script., مفهوم String Operators للتحقق من قيم المتغيرات., مفهوم File Operators للتحقق من خصائص الملفات.",متقدم,ساعتان,120 دقيقة تدريبية,3  اختبارات,مشروع واحد,"مقدمة | Intro,  التعامل مع Options,  مفهوم String Operators,  مفهوم File Operators,  المشروع | Project"
Open Source 103,تهدف Open Source 103 إلى تعزيز المعرفة لدى المتدرب على ما يمكن فعله بعد الأداء والمساهمة في مشاريع Open Source، والتعرف على بعض الحالات الاستثنائية وكيفية التعامل معها.,"ما يمكن فعله بعد الأداء والمساهمة, كيفية التعامل معها بعض الحالات الاستثنائية, كيفية الخروج من مجتمع مشروع مفتوح المصدر",متوسط,ساعتان,120 دقيقة تدريبية,no,no,"مقدمة الدورة,  ماذا بعد تسليم المساهمة؟,  حالات خاصة مع المشاريع مفتوحة المصدر,  الخروج من مجتمع مشروع مفتوح المصدر,  الخاتمة"
Lint,تُعرف هذهِ الدورة بـ Lint، وهو عبارة عن طريقة أو أداة تساعد في تحسين الأكواد؛ كما نتعرف من خلال الدورة على مفهوم (rules)، والتطبيق العملي على (ESlint) الخاص بلغة JavaScript.,"التعرف على أداة Lint, التعرف على مفهوم rules, التعرف على طريقة استخدام ESlint",مبتدئ,ساعتان,120 دقيقة تدريبية,اختباران,مشروع واحد,"مقدمة في الدورة,  مقدمة في Lint,  مقدمة في eslint,  مشروع نهائي"
Markdown 102,تهدف الدورة إلى التعرف على كيفية كتابة Paragraph و Line Breaks، وكيفية إنشاء References باستخدام Footnotes بالإضافة إلى التعرف على كيفية إضافة الصور والروابط عند كتابة المحتوى.,"التعرف على كيفية كتابة Paragraph و Line Breaks, التعرف على كيفية إنشاء references باستخدام Footnotes, التعرف على كيفية إضافة الصور والروابط",مبتدئ,ساعتان,120 دقيقة تدريبية,3  اختبارات,مشروع واحد,"التعامل مع Paragraph,  مقدمة في Links,  مقدمة في Images,  المشروع"
Vim 104,في هذه الدورة سنتعرف على مواضيع متقدمة في محرر vim مثل إضافة خاصية والتحقق من الخاصية وحذف خاصية والتعرف أيضا على ملف vimrc والتعرف أيضا على اختصارات مساعدة تسهل التعامل مع محرر vim,"إضافة وحذف خاصية, التعرف على بعض الخصائص مثل خاصية ترقيم السطر وخاصية التحقق من الخطأ الإملائي, التعرف على بعض الاختصارات لتعامل مع الأوامر مثل اختصار تكملة الكلمة تلقائيا",متقدم,ساعتان,120 دقيقة تدريبية,اختباران,no,"متطلبات الدورة,  خصائص Vim,  اختصارات مساعدة,  مشروع نهائي"
Yaml 103,ستتعرف في هذه الدورة عن مفاهيم متقدمة في YAML، لمساعدتك على التعامل مع النصوص الطويلة وتطبيق مفهوم Anchors، ومعرفة الأخطاء الشائعة عند كتابة ملف YAML.,"التعامل مع النصوص الطويلة, تطبيق مفهوم Anchors, الأخطاء الأكثر شيوعًا عند كتابة ملف YAML",متوسط,3  ساعات,180 دقيقة تدريبية,اختباران,مشروعان,"متطلبات الدورة,  التعامل مع النصوص الطويلة | Multiple Line String,  مقدمة في Anchors,  الأخطاء الشائعة عند كتابة ملف Yaml"
Open Source 102,"ستتعلّم في هذه الدورة كيفية المساهمات الغير برمجية في المشاريع مفتوحة المصدر ""Open Source""، بالإضافة إلى كيفية مراجعتها وفرزها دون الحاجة لكتابة كود برمجي.","التعرف على المساهمات الغير برمجية, كيفية مراجعة واختبار المساهمات, كيفية فرز Issues في Issue Tracker",متوسط,ساعتان,120 دقيقة تدريبية,3  اختبارات,no,"مقدمة الدورة,  مراجعة المساهمات,  إجراء اختبارات على المساهمات,  فرز Issues,  المهام البسيطة المتكررة"
Vim 103,يهدف البرنامج إلى التعرف على مواضيع متقدمة في محرر Vim مثل طريقة دمج الملفات وتنفيذ الأوامر ومفهوم Marks وغيرها من المواضيع,"التعرف على طريقة دمج أكثر من ملف, التعرف على طريقة فتح أكثر من ملف والمقارنة بينهم، وكيفية الخروج من الملفات, التعرف على كيفية التعامل مع الأوامر وطريقة تنفيذها, التعرف على مفهوم Marker وطريقة إنشائه وعرضة",متقدم,ساعتان,120 دقيقة تدريبية,4  اختبارات,مشروع واحد,"متطلبات الدورة,  التعامل مع الملف,  التعامل مع اكثر من ملف,  التعامل مع الأوامر,  مفهوم Mark,  مشروع نهائي"
Vim Editor 102,ستتعلم في هذه الدورة على مفاهيم واختصارات متقدمة في محرر Vim، بالإضافة إلى أهم الأوامر التي تساعدك في التعامل مع محرر Vim بشكل فعّال وسريع.,"طريقة الحذف واستبدال الكلمات والأحرف في Vim, طريقة البحث ونسخ ولصق الكلمات في Vim, مفهوم Work Buffer",متوسط,ساعتان,120 دقيقة تدريبية,6  اختبارات,مشروع واحد,"متطلبات الدورة,  أوامر الحذف,  أوامر النسخ واللصق,  أوامر استبدال الكلمات,  أوامر البحث في الملف,  أوامر التراجع عن التعديل,  مفهوم Work Buffer,  مشروع نهائي"
Markdown 101,ستتعلم في هذه الدورة على كيفية كتابة المحتوى باستخدام Markdown، ومعرفة أهم التقنيات المستخدمة في Markdown، بالإضافة إلى التعرف على الفروقات بين Markup Languages.,"معرفة البرامج والأدوات التي تدعم استخدام Markdown, معرفة الفروقات بين Markup Languages, كتابة المحتوى باستخدام Markdown",مبتدئ,ساعتان,120 دقيقة تدريبية,5  اختبارات,مشروع واحد,"مقدمة في  Markdown,  كيفية استخدام Markdown,  مقدمة في Emphasis,  مقدمة في List,  مقدمة في Block quotes,  المشروع"
Vim Editor 101,ستتعرف في هذه الدورة على محرر vim؛ وهو من أشهر المحررات المستخدمة في أنظمة Unix- like، حيث يسمح محرر vim بالتعامل مع الملفات والتعديل عليها بطريقة سريعة وفعالة.,"التعرف على طريقة إنشاء ملف باستخدام vim وطريقة الخروج منه, التعرف على أنواع modes الموجودة في محرر vim, طريقة التنقل بداخل ملف vim",مبتدئ,ساعتان,120 دقيقة تدريبية,4  اختبارات,مشروع واحد,"مقدمة في Vim,  الكتابة بداخل الملف,  التنقل بداخل الملف,  الخروج من الملف,  مشروع تطبيقي"
Docker102,ستتعرف في هذه الدورة على عدة مفاهيم وأوامر في تقنية Docker وتتمركز هذه المفاهيم حول آلية بناء Image لبرامجك الخاصة لدعم مفهوم Containerizing.,"آلية كتابة Dockerfile لوصف برنامجك, آلية استخدام اوامر Docker لبناء Image لبرنامجك الخاص, آلية مشاركة Image الخاصة بك على منصة Docker Hub",متقدم,3  ساعات,180 دقيقة تدريبية,اختباران,مشروع واحد,"مقدمة في بناء Image,  مشاركة Image,  تشغيل Container,  المشروع"
Open Source 101,ستتعرف في هذه الدورة على مفهوم البرامج مفتوحة المصدر “Open Source” وتاريخها، والفرق بين Open Source و Free Software، وطرق الاستعداد للمساهمة فيها.,"معرفة مفهوم Open Source, معرفة مفهوم Free Software, معرفة مميزات المساهمة في مشاريع FOSS, كيفية المساهمة في مشاريع FOSS",مبتدئ,ساعتان,120 دقيقة تدريبية,5  اختبارات,no,"مقدمة,  التراخيص License,  مميزات المساهمة في FOSS,  الاستعداد للمساهمة في FOSS,  المساهمة في FOSS"
Docker101,ستتعرف في هذه الدورة على المفاهيم الأساسية خلف تقنية Docker بالإضافة إلى مفهوم Image و Container.,"مفهوم تقنية Docker وأسباب استخدامها., مفهوم Image ودورها في قابلية نقل البرنامج., آلية تشغيل Container من Image.",مبتدئ,3  ساعات,180 دقيقة تدريبية,اختباران,مشروع واحد,"المقدمة | Intro,  مقدمة في Docker Images,  الحاويات | Containers,  المشروع | Project"
Command-line 106,تعرف في هذه الدورة على الأدوات المتقدمة في Command-line والتي تساعد على البحث عن الملفات وطريقة الوصول لها بشكل أسرع وأكثر فاعلية.,"طريقة البحث في نظام الملفات., مفهوم Actions و Test مع الأمر find., إضافة الشروط لعملية البحث في الملفات.",متقدم,4  ساعات,240 دقيقة تدريبية,3  اختبارات,no,"مقدمة في أداة البحث عن الملفات,  البحث عن الملفات بناءً على شروط,  إجراء عمليات على نتائج البحث"
Yaml 102,ستتعرف في هذه الدورة على مواضيع متقدمة في Yaml، مثل Anchors وكتابة Mapping وSequence، بطريقة أكثر تقدماً,"طريقة كتابة Mapping مع Sequence, طريقة كتابة Mapping مع Mapping, طريقة كتابة Sequence مع Sequence",متوسط,3  ساعات,180 دقيقة تدريبية,اختباران,no,"متطلبات الدورة,  مواضيع متقدمة في Mapping,  مواضيع متقدمة في Sequence,  مشروع نهائي"
Bash105,ستتعرف في هذه الدورة على مفاهيم Flow Control وآلية استخدامها في Bash Scripting للتحكم بتسلسل تنفيذ الأوامر، مثل تكرار بعض الأوامر أو تخطي جزء منها بناءً على شرط معين كما سنتطرق لغيرها من الاستخدامات.,"مفهوم الشروط أو Conditions لتنفيذ الأوامر بناءً على تحقق شرط معين., مفهوم التكرار أو Iteration لتكرار تنفيذ الأوامر., مفهوم Case للتحقق من قيمة معينه وتنفيذ الأوامر حسب تلك القيمة.",متوسط,3  ساعات,180 دقيقة تدريبية,4  اختبارات,no,"مقدمة في الدورة | Intro,  المعاملات |  Operators,  الشروط | Conditions,  التكرار | Iteration,  مفهوم Case,  تمارين إضافية | Additional Examples"
Git 105,ستتعلم في هذه الدورة على مفهوم Remote Branches، بالإضافة إلى كيفية إدارة أكثر من فرع على Server وربطها بالفروع على الجهاز، وكيفية إنشاء الربط لأكثر من فرع.,"مفهوم Remote Branches, كيفية ربط الفروع على Server بالفروع على الجهاز, كيفية التعامل مع أكثر من فرع في الجهاز و Server",متقدم,3  ساعات,180 دقيقة تدريبية,3  اختبارات,مشروع واحد,"مقدمة في Remote Branches,  كيفية التعامل مع Remote Branches,  مقدمة في Tracking Branches,  المشروع"
Network Programming 102,"ستتعرف في هذه الدورة على مفاهيم برمجة الشبكات، وطبقات الشبكة ""Network Layers"" في نموذج OSI، وغيرها من المفاهيم المتقدمة.","مفاهيم متقدمة في برمجة الشبكات, مفهوم طبقات الشبكة Network Layers, نموذج OSI لطبقات الشبكة",متوسط,ساعتان,120 دقيقة تدريبية,اختباران,no,"مقدمة,  الطبقات الدنيا,  الطبقات العليا,  خاتمة"
Network Programming 101,تعرف في هذه الدورة على المفاهيم الأساسية في مجال الشبكات وكيفية تناقل البيانات وماهي أبرز البرتوكولات المستخدمة بالإضافة إلى أهم المفاهيم في برمجة الشبكات.,"مفاهيم أساسية في برمجة الشبكات, بعض المفاهيم المتقدمة في برمجة الشبكات, طلب بيانات من خادم عبر Terminal",مبتدئ,ساعتان,120 دقيقة تدريبية,اختباران,no,"مقدمة في الشبكات,  مفاهيم أساسية في برمجة الشبكات,  مفاهيم متقدمة في برمجة الشبكات,  أمثلة إضافية"
Yaml 101,تعرف في هذه الدورة على أهم الأدوات المستخدمة في مفهوم Data Serialization وهي لغة YAML التي تسمح بالتعامل مع أي لغة برمجية أخرى، بالإضافة إلى استخدامات YAML والهيكل الأساسي لها.,"التعرف على yaml., التعرف على هيكلة yaml., التعرف على أنواع البيانات في yaml.",مبتدئ,ساعتان,120 دقيقة تدريبية,4  اختبارات,مشروعان,"مقدمة في Yaml,  هيكل Yaml,  أساسيات Yaml,  أسلوب الكتابة في Yaml"
Command-line 105,تعرف في هذه الدورة على أهم الاختصارات التي تمكنك من عمل مهام عديدة بجهد ووقت أقل وفاعلية أكثر في Command-line، فهذه الخصائص ستسهل استخدام لوحة المفاتيح.,"اختصارات لتحرير الأوامر قبل التنفيذ, مفهوم Meta Key ووظائفه, طريقة الوصول لتاريخ الأوامر",متوسط,4  ساعات,240 دقيقة تدريبية,3  اختبارات,no,"اختصارات متقدمة في Command-line,  تعديل النصوص على Command-line,  خصائص متقدمة في Shell"
Git 104,ستتعلم في هذه الدورة عن مفهوم Remotes وطريقة التعامل معه، بالإضافة إلى كيفية إنشاء اتصال مع المشاريع الخارجية، وإرسال وسحب البيانات من Server.,"مفهوم Remotes ووظائفها, كيفية إنشاء اتصال مع مشروع خارجي, كيفية ارسال وسحب التعديلات من Server",متوسط,3  ساعات,180 دقيقة تدريبية,3  اختبارات,مشروع واحد,"مقدمة في Remotes,  كيفية التعامل مع Remotes,  كيفية إرسال وسحب البيانات من Server,  المشروع"
Command-line 104,سنتعرف في هذه الدورة على مفاهيم Expansion في Shell من خلال استخدام Command-line، نستطيع القيام بعمليات مختصرة وأكثر سرعة باستخدام مفهوم Expansion في Shell.,"مفهوم Expansion في Shell, أنواع Expansions ومميزات كل نوع, مفهوم تقسيم الكلمات في Shell",متوسط,4  ساعات,240 دقيقة تدريبية,3  اختبارات,no,"نظرة أعمق على Shell Expansion,  علامات التنصيص في Shell,  نظرة على Escaping Characters في Shell"
Git 103,في هذه الدورة ستتعرف على كيفية ربط التعديلات من فرع إلى فرع آخر باستخدام Rebase.,"معرفة أنواع الربط في Git, كيفية ربط التعديلات من فرع إلى فرع آخر باستخدام Rebase, كيفية التراجع عن تنفيذ Rebase",متوسط,3  ساعات,180 دقيقة تدريبية,3  اختبارات,مشروع واحد,"مقدمة في Rebase,  الأوامر الأساسية في Rebase,  التعارض أثناء تنفيذ Rebase,  تمرين تطبيقي على  Rebase,  المشروع"
Linux: Text Processing 102,تعرف في هذه الدورة على الأوامر المستخدمه لتحرير النصوص في Linux ومجموعة مفاهيم لأوامر متقدمة تساعد على دمج الملفات واستبدال النصوص وطباعة تفاصيل أكثر عن الملفات.,"طريقة استبدال النصوص مع الأمر tr., عكس الكلمات باستخدام الأمر rev., دمج الملفات باستخدام الأمر paste.",مبتدئ,3  ساعات,180 دقيقة تدريبية,no,no,"نظرة عامة على الدورة,  استبدال النصوص | أمر tr,  دمج الملفات | الأمر paste,  طباعة عدد الأسطر | الأمر nl,  عكس الكلمات والأسطر | الأمر rev و tac"
Linux: Text Processing 101,تعرف في هذه الدورة على الأوامر المستخدمة في نظام Linux لمعالجة النصوص.,"التعرف علي أوامر الترتيب, التعرف على أوامر مقارنة الملفات, التعرف على أوامر الدمج",مبتدئ,4  ساعات,240 دقيقة تدريبية,no,no,"نظرة عامة على الدورة,  ترتيب الملفات | الأمر sort,  إزالة الأسطر المتكررة | الأمر uniq,  مقارنة الملفات | أمر diff و أمر comm,  إزالة جزء من  الأسطر | الأمر cut"
Git 102,في هذه الدورة ستتعلم كيفية إدارة المشروع لأكثر من Branch وكيفية دمجها وحل مشكلة التعارض أثناء الدمج.,"كيفية إدارة المشروع لأكثر من فرع, كيفية دمج الفروع, كيفية حل مشكلة التعارض أثناء الدمج, كيفية إضافة الإصدارات باستخدام Tags",مبتدئ,5  ساعات,300 دقيقة تدريبية,3  اختبارات,مشروع واحد,"مفهوم الفروع | Branches,  مقدمة في الدمج | Merge,  كيفية التعامل مع الإصدارات | Tags,  المشروع"
Command-line 103,سنتعرف في هذه الدورة على الأوامر التي تساعدنا في عمل إعادة توجية للمدخلات والمخرجات Input/Output Redirection. وذلك باستخدام المعاملات الخاصة لكل عملية من عمليات إعادة توجيه المدخلات والمخرجات.,"مفهوم إعادة توجيه المدخلات والمخرجات I/O Redierction., كيفية استخدام File Descriptors في إعادة التوجية., التخلص من المخرجات الغير مرغوب فيها.",متوسط,4  ساعات,240 دقيقة تدريبية,3  اختبارات,no,"إعادة توجيه المخرجات في Shell,  إعادة توجيه رسائل الخطأ في Shell,  إعادة توجيه المدخلات في Shell"
Linux: Files and Permissions,في هذه الدورة سنتعرف على الملفات والصلاحيات في نظام Linux.,"مفهوم نظام الملفات, مفهوم Access Control List, إعطاء الصلاحيات للملفات والمجلدات",مبتدئ,ساعتان,120 دقيقة تدريبية,4  اختبارات,no,"مقدمة في الملفات,  نظرة على المجلدات,  مقدمة في الصلاحيات | Permissions,  مفهوم Access control list"
Command-line 102,سنتعرف في هذه الدورة على الأوامر التي تساعد في معرفة تفاصيل أكثر عن الأنواع المختلفة للأوامر وكيفية عملها.,"الأنواع المختلفة التي ينتمي لها كل أمر من Command-line., طريقة التحقق من نوعية الأوامر., عرض جميع التفاصيل الخاصة لدليل استخدام كل أمر.",مبتدئ,3  ساعات,180 دقيقة تدريبية,3  اختبارات,no,"مقدمة في أنواع الأوامر,  تفاصيل أكثر عن الأوامر وأنواعها,  كتابة الأوامر بطريقة متقدمة,  أمثلة تطبيقية"
Bash104,ستتعلم في هذه الدورة مجموعة من المفاهيم في Bash فيما يتعلق في الدوال أو Functions.,"آلية إنشاء وعرض وحذف الدوال Functions في Bash, آلية استخدام الدوال Functions بداخل Bash Scripts, مفهوم المتغيرات المحلية Local Variables و المتغيرات العامة Global Variables في Bash Scripting, مفهوم الأولوية في التنفيذ مابين Functions و Scripts و Aliases",مبتدئ,4  ساعات,240 دقيقة تدريبية,4  اختبارات,مشروع واحد,"المقدمة | Intro,  الدوال | Functions,  الدوال في Functions within Script | Bash Scripting,  المتغيرات والدوال | Local and Global Variables,  الأولوية في التنفيذ | Order of Precedence,  أمثلة إضافية | Additional Examples,  المشروع | Project"
Git 101,"في هذه الدورة ستتعلم برنامج Git وكيفية عمله؟ وفيما تحتاجه؟ 
معرفة الأوامر الأساسية لبرنامج Git وكيفية إدارة المشاريع من خلال Git.
معرفة كيفية تنصيب برنامج Git.
القدرة على عمل مشروع وتتبع إصداراته.","التعرف على برنامج Git وكيفية عمله، وفيما تحتاجه؟, معرفة الأوامر الأساسية لبرنامج Git وكيفية إدارة المشاريع من خلال Git., معرفة كيفية تنصيب برنامج Git., القدرة على عمل مشروع وتتبع إصداراته.",مبتدئ,3  ساعات,180 دقيقة تدريبية,3  اختبارات,مشروع واحد,"مقدمة في Git,  تثبيت برنامج Git,  الأوامر الأساسية في Git,  عرض إصدارات المشروع,  المشروع"
Bash103,ستتعلم في هذه الدورة مفهوم Automation وكيفية توظيف هذا المفهوم في إنشاء Bash Scripts.,"مفهوم Automation, آلية إنشاء Bash Script وتنفيذه, آلية استقبال مدخلات أو Arguments في Bash Scripts",مبتدئ,3  ساعات,180 دقيقة تدريبية,3  اختبارات,مشروع واحد,"مقدمة في مفهوم Automation,  مقدمة في Bash Scripting,  مفهوم PATH Variable,  مفهوم Positional Parameters,  تمارين إضافية | Additional Exercises,  المشروع | Project"
Bash 102,ستتعلم في هذه الدورة كيفية التعامل مع بيئة Bash.,"مفهوم البيئة أو Environment في Bash، بحيث يستطيع المستخدم التعديل والتغيير على البيئة بطريقة تناسب احتياجات المستخدم., آلية إنشاء متغيرات shell variables بالإضافة إلى التعامل مع المتغيرات الخاصة في بيئة Bash., اختصارات و أوامر تسرّع من عمل المستخدم في Bash.",مبتدئ,ساعتان,120 دقيقة تدريبية,5  اختبارات,مشروع واحد,"مقدمة في مفهوم البيئة,  مفهوم Emacs Editing Mode,  مفهوم Alias,  المتغيرات | Variables,  مفهوم Options,  مفهوم Special Files,  أمثلة إضافية | Additional Examples,  المشروع | Project"
Linux: Devices,في هذه الدورة سنتعرف على طريقة تعامل نظام Linux مع الأجهزة.,"التعرف على مجلد dev., التعرف على أنواع الأجهزة وأسمائها., التعرف على مفاهيم مثل dd و udev.",متوسط,3  ساعات,180 دقيقة تدريبية,3  اختبارات,no,"مقدمة في الأجهزة,  مفاهيم أساسية,  مفاهيم متقدمة"
Command-line 101,سنتعرف في هذه الدورة على أساسيات الأوامر Command-line وتعتبر الأوامر Command-line من أهم الأدوات التي يجب أن يحصل عليها أي مطور، بحيث ستمكنك هذه الدورة من التعامل مع جهاز الكمبيوتر بوضوح وأكثر فعالية.,"التعرف على المفاهيم الأساسية في عالم Command-line, ماهي أهم الأوامر للتلاعب بالملفات والمجلدات, مفاهيم أساسية في برنامج Shell",مبتدئ,4  ساعات,240 دقيقة تدريبية,4  اختبارات,no,"مقدمة في Command-line,  أساسيات الأوامر Commands,  التعامل مع الملفات والمجلدات,  أساسيات Shell,  تطبيقات عملية على Command-line"
Bash 101,ستتعلم فيه هذه الدورة مجموعة من أساسيات Bash والتي بدورها تقوم بتأهيلك إلى Bash Scripting.,"طريقة التعامل مع مجموعة من الملفات باستخدام Wildcards, مفهوم و آلية تنفيذ Pipeline, مفهوم و آلية تنفيذ Background Jobs",مبتدئ,3  ساعات,180 دقيقة تدريبية,6  اختبارات,مشروع واحد,"مقدمة في مفهوم shell,  مقدمة في Bash,  التعامل مع الملفات باستخدام Wildcards,  التعامل مع الملفات باستخدام Brace Expansion,  مفهوم Pipeline,  مفهوم Background Jobs,  المشروع | Project,  أمثلة إضافية | Additional Examples"
Linux 101,في هذه الدورة سنتعرف على نظام التشغيل Linux وتوزيعاتها والبرامج المستخدمة ومفهوم Package Manager.,"التعرف على نظام تشغيل Linux, التعرف على Package Manager, التعرف على توزيعات Linux",مبتدئ,ساعتان,120 دقيقة تدريبية,3  اختبارات,no,"مقدمة في نظام Linux,  توزيعات Linux,  البرامج المستخدمة في نظام Linux,  مقدمة في Package Manager"
مقدمة في علم البيانات,سنتعرف في هذهِ الدورة على علم البيانات وتاريخه، بالإضافة للمفاهيم الأساسية في علم البيانات.,"ماهو علم البيانات وما أهميته؟, الخطوات الرئيسية لبناء مشاريع علوم البيانات., المهارات الهامة لعالم البيانات., أهم التقنيات والمكتبات الخاصة بعلم البيانات.",مبتدئ,ساعتان,120 دقيقة تدريبية,3  اختبارات,no,"مقدمة في علم البيانات,  الخطوات الأساسية لمشاريع علم البيانات,  التخصصات المرتبطة بعلم البيانات,  الأدوات ومصادر البيانات"
API (Application Programming Interface),من خلال هذه الدورة تستطيع استيعاب مفهوم Application Programming Interface أو ما تسمى API، بالإضافة إلى بناء RESTful API.,"مفهوم Application Programming Interface (API)., بناء RESTful API., مفهوم Json Web Token (JWT).",متوسط,ساعتان,120 دقيقة تدريبية,5  اختبارات,no,"مفهوم (API (Application Programming Interface,  استخدام API (Application Programming Interface),  مفهوم (RESTful API (Representational State Transfer,  الأدوات المستخدمة | Tools,  بناء RESTful API,  مفهوم JWT (Json Web Token)"
React102,سنتعرف في هذهِ الدورة على عدد من المفاهيم في مكتبة React والمستخدمة لتسهيل بناء واجهات المستخدم UI في تطبيقات الويب.,"مفاهيم Component Lifecycle., التعامل مع API., استخدام Hooks.",متوسط,6  ساعات,360 دقيقة تدريبية,3  اختبارات,no,"دورة حياة المكونات | Components Lifecycle,  التعامل مع API,  استخدام Hooks,  مشروع  | Project"
Django 103,سنتعرف في هذهِ الدورة على أساسيات تطوير تطبيقات الويب باستخدام Django Framework.,"التعامل مع Static Files., التعامل مع Media Files., التعامل مع قواعد بيانات (PostgreSQL).",متوسط,ساعتان,120 دقيقة تدريبية,4  اختبارات,no,"مقدمة عن Django 103,  إنشاء المشروع و التطبيقات,  التعامل مع Static Files,  التعامل مع قواعد بيانات PostgreSQL,  التعامل مع Media Files"
React101,سنتعرف في هذهِ الدورة على مكتبة React المستخدمة لتسهيل بناء واجهات المستخدم UI في تطبيقات الويب.,"مقدمة في React., إنشاء مشروع في React., مفاهيم Components, Props and State في React.",مبتدئ,6  ساعات,360 دقيقة تدريبية,4  اختبارات,no,"مقدمة في React,  إنشاء مشروع React,  المكونات | Component,  الخصائص | Props,  الحالات | States,  مشروع | Project"
أساسيات Firebase في Android,سنتعلم في هذهِ الدورة أساسيات Firebase في Android وكيفية استخدام أهم الخدمات في تطبيقاتنا.,"سوف تتعلم كيفية استخدام Firebase Authentication., سوف تتعلم كيفية استخدام Firebase Google Sign-in., سوف تتعلم كيفية استخدام  Firebase storage., سوف تتعلم كيفية استخدام Firebase firestore.",متوسط,ساعتان,120 دقيقة تدريبية,4  اختبارات,no,"المقدمة,  خدمة Firebase Authentication,  خدمة Firebase Google Sign-in,  خدمة Firebase Firestore,  خدمة Firebase Storage"
Jetpack Compose - Android,سنتعرف في هذه الدورة على طريقة استخدام Jetpack Compose لبناء واجهات تطبيقات Android.,"نبذة عن Jetpack Compose., التعرف على Layouts., إضافة تنسيقات على UI.",مبتدئ,ساعتان,120 دقيقة تدريبية,6  اختبارات,مشروع واحد,"مقدمة في Jetpack Compose,  مقدمة في Text,  مقدمة في Modifier,  مقدمة في Layouts,  التعرف على UI controls,  مقدمة في State,  المشروع النهائي"
ASP.NET Core MVC 102,سنتعرف في هذهِ الدورة على مفاهيم متقدمة في تطوير تطبيقات الويب باستخدام ASP.NET Core MVC.,"التعرف على EF Core وإضافته مع MVC., تطبيق عمليات CRUD على تطبيق ASP.NET Core MVC., مفهوم Validation وإضافته في MVC.",متوسط,4  ساعات,240 دقيقة تدريبية,5  اختبارات,no,"نظرة على Forms and HTML Helpers,  ربط تطبيق ASP.NET Core MVC مع Entity Framework Core,  مفهوم العلاقات في Entity Framework Core,  تطبيق عمليات على البيانات CRUD,  مفهوم التحقق Validation"
Android 103,سنتعرف في هذه الدورة على مجموعة من المفاهيم لبناء واجهات Responsive وعرض البيانات باستخدام RecyclerView و App Navigation.,"مفهوم Responsive UI: Constraint Layout., مفهوم RecyclerView., مفهوم Adapter., مفهوم ViewHolder., مفهوم Navigation ولماذا وجد؟, أهم عناصر Navigation Component.",متوسط,0  ساعة,no,3  اختبارات,no,"مقدمة الدورة,  مفهوم Responsive UI: Constraint Layout,  مفهوم RecyclerView,  مفهوم App Navigation"
Flutter 102,سنتعرف في هذهِ الدورة على عدد من المفاهيم المتقدمة في Flutter، كمفهوم State Management  ومفهوم التنقل بين الصفحات واستخدام المكتبات الخارجية وغيرها من المفاهيم.,"تحديث الحالات في الصفحات StatefulWidget, التنقل بين الصفحات, استخدام المكتبات الخارجية",متوسط,ساعتان,120 دقيقة تدريبية,3  اختبارات,مشروع واحد,"تحديث الحالات في الصفحات,  التنقل بين الصفحات,  استخدام المكتبات الخارجية,  مشروع اختيار العلم,  المشروع"
Node.js MVC,"ستقوم في هذهِ الدورة بالاستفادة من المفاهيم التي اكتسبتها من تعلم لغة Javascript وبيئة عمل Node.js بالإضافة إلى العديد من المفاهيم الأخرى مثل Express وقواعد البيانات MongoDB وتقنيات تصميم الواجهات HTML, CSS, Bootstrap في إنشاء تطبيق ويب متكامل.","استخدام مكتبة Mongoose للتعامل مع البيانات في قواعد بيانات MongoDB., إنشاء واجهات للمستخدم باستخدام HTML, CSS, Bootstrap., الربط بين Back-end وواجهات المستخدم Front-end.",متوسط,6  ساعات,360 دقيقة تدريبية,7  اختبارات,no,"المقدمة,  مقدمة في Express,  قاعدة البيانات MongoDB,  واجهات المستخدم | User Interface,  مجلد Model,  مجلد Controller,  مجلد Router,  مجلد View,  مشروع | Project"
Flutter 101,سنتعرف في هذهِ الدورة على إطار العمل Flutter وعلى أهم مميزاته، كما سنتعرف على طريقة تثبيته وتشغيله على محاكي iOS ومحاكي Android,"مقدمة عن إطار العمل Flutter, تثبيت Flutter وتشغيل محاكي iOS و Android, التعرف على مفهوم Widget وأهم عنصارها",مبتدئ,3  ساعات,180 دقيقة تدريبية,اختبار واحد,مشروع واحد,"مقدمة عن Flutter,  تثبيت وتهيئة البيئة,  مشروع تعريفي بإطار عمل Flutter,  عناصر Widgets,  تطبيق مفاهيم Widgets,  المشروع"
Python 103,"سنتعمق في هذهِ الدورة أكثر في لغة Python، بحيث سيتم التطرق إلى مفهوم البرمجة كائنية التوجه Object-Oriented Programming بشكل عام، والمفاهيم المتعلقة بها مثل Encapsulation, Inheritance و Polymorphism وتفاصيل حول هذهِ المفاهيم في البرمجة بشكل عام وتطبيقها في Python بشكلٍ خاص.","البرمجة كائنية التوجه Object-Oriented Programming., مفهوم Encapsulation., مفهوم الوراثة Inheritance., مفهوم Polymorphism.",متقدم,3  ساعات,180 دقيقة تدريبية,3  اختبارات,مشروعان,"مقدمة عن البرمجة الكائنية,  الخصائص والدوال | Attributes and Methods,  الوراثة |  Inheritance,  المشروع"
Python 104,سنتعرف في هذهِ الدورة على بعض المواضيع المتقدمة في لغة Python مثل التعامل مع الأخطاء الاستثنائية والتعامل مع الملفات والتعرف على مفهوم Module ومفهوم Synchronous و Asynchronous.,"التعامل مع Errors and Exceptions., التعامل مع Module., التعامل مع  Scope.",متقدم,ساعتان,120 دقيقة تدريبية,5  اختبارات,no,"مقدمة في Scope,  مقدمة في Module,  مقدمة في Files,  مقدمة في Exception Handling,  مقدمة في Synchronous و Asynchronous"
Django 102,سنتعرف في هذهِ الدورة على أساسيات تطوير تطبيقات الويب باستخدام Django Framework.,"التعامل مع قواعد البيانات في Django., مقدمة في  Django Admin وإدارة البيانات من إضافة وحذف وتعديل., التعامل مع Django Forms.",متوسط,ساعتان,120 دقيقة تدريبية,3  اختبارات,no,"مقدمة عن Django 102,  التعامل مع البيانات,  إدارة البيانات عن طريق حساب Django Admin,  التعامل مع Django Forms"
Dart 101,سنتعرف في هذهِ الدورة على أساسيات لغة Dart وكيفية استخدام المفاهيم البرمجية فيها.,"تعريف المتغيرات وأنواع البيانات وطرق حفظها., إنشاء الجمل الشرطية وطباعتها., مفهوم الدوال وكيفية كتابتها واستدعائها.",مبتدئ,ساعتان,120 دقيقة تدريبية,7  اختبارات,مشروع واحد,"التعرف على Dart,  أساسيات اللغة | Basics,  أنواع البيانات | Data Type,  المعاملات | Operators,  العبارات الشرطية | Conditional Statement,  التكرار | Loop,  القوائم | List,  Maps,  المشروع"
Python 102,في هذه الدورة سنتعمق أكثر في لغة Python، بحيث أننا سنتطرق إلى كيفية التعامل مع التواريخ والأرقام، والمزيد من الدوال المستخدمة في أنواع البيانات المختلفة، كما أننا سنتعرف على Functions بشكل أوسع.,"التعامل مع التواريخ والأرقام., التعامل مع أنواع البيانات المختلفة Sequence Data Types., التعامل مع الدوال بشكل أعمق.",متوسط,3  ساعات,180 دقيقة تدريبية,5  اختبارات,مشروع واحد,"التواريخ والأرقام | Dates and Numbers,  أنواع البيانات المتقدمة بشكل أعمق | Advanced Sequence,  النصوص بشكل أعمق | Advanced Strings,  القوائم بشكل أعمق | Advanced Lists,  الدوال بشكل أعمق | Advanced Functions,  المشروع"
Django 101,سنتعرف في هذهِ الدورة على أساسيات تطوير تطبيقات الويب باستخدام Django Framework.,"مفهوم (MVC) و (MVT) والفرق بينهما., بناء تطبيقات باستخدام Django., مفهوم View و كيفية تنفيذ URL Mapping., مفهوم Model و كيفية تنفيذ Migrations., إنشاء Template وعمل Template Rendering., إنشاء حساب في Django Admin.",مبتدئ,ساعتان,120 دقيقة تدريبية,4  اختبارات,مشروع واحد,"مقدمة في Django ومفهوم MVT,  الأدوات المستخدمة,  إنشاء المشاريع والتطبيقات في Django,  مقدمة عن مفهوم Models و Migrations,  مقدمة في Templates و Views و URL Mapping,  المشروع"
Android 101,سنتعرف في هذهِ الدورة على مواضيع أساسية في Android Studio باستخدام لغة Kotlin.,"سنتعرف على كيفية إنشاء تطبيق باستخدام Android Studio., سنتعرف على واجهات Android Studio., سنتعرف على كيفية تشغيل التطبيق على جهاز حقيقي وعلى جهاز محاكي., سنتعرف على Activity Lifecycle., سنتعرف على intent.",مبتدئ,ساعتان,120 دقيقة تدريبية,اختباران,no,"مقدمة  في تطوير تطبيقات Android,  تثبيت Android Studio,  إنشاء مشروع جديد في Android Studio,  واجهة مستخدم Android studio,  تشغيل التطبيق على الجهاز,  تصميم واجهة المستخدم,  مفهوم Activity Lifecycle,  مفهوم Intent"
Android 102,سنتعرف في هذهِ الدورة على مواضيع متقدمة في Android Studio باستخدام لفة Kotlin.,"سنتعرف على fragments., سنتعرف على SQLite., سنتعرف على SharedPreferences.",مبتدئ,ساعتان,120 دقيقة تدريبية,4  اختبارات,no,"تدوير الشاشة,  مقدمة في Fragments,  مقدمة في SharedPreference,  قاعدة البيانات SQLite"
Kotlin 104,سنتعرف في هذهِ الدورة على بعض المفاهيم المتقدمة في kotlin.,"دوال Collection., مفاهيم Polymorphism و Delegation., دوال infix و Extension.",متوسط,ساعتان,120 دقيقة تدريبية,no,no,"دوال Collection,  دوال infix,  دوال Extension,  مقدمة في polymorphism,  مقدمة في Delegation"
101 ASP.NET Core MVC,سنتعرف في هذهِ الدورة على تطوير تطبيقات الويب باستخدام ASP.NET Core MVC.,"دور NET. في تطوير التطبيقات., مفهوم Model-View-Controller., تطوير تطبيقات ASP.NET.",مبتدئ,ساعتان,120 دقيقة تدريبية,4  اختبارات,مشروع واحد,"مقدمة في تطوير مواقع الويب,  مفهوم Controllers,  نظرة على Views,  نظرة على Models,  مشروع الدورة"
SQL 102,"سنتعرف في هذهِ الدورة على كيفية التعامل مع البيانات في الجداول وإجراء العمليات عليها باستخدام دوال مختلفة مثل Aggregate functions , Scalar functions.","التعامل مع البيانات., نظرة على Aggregate functions., نظرة على Scalar functions.",متوسط,ساعة واحدة,60 دقيقة تدريبية,3  اختبارات,مشروع واحد,"التعامل مع البيانات ٢ | 2 Data CRUD,  نظرة على Aggregate functions,  نظرة على Scalar functions,  المشروع"
SQL 101,سنتعرف في هذهِ الدورة على أساسيات SQL في التعامل مع قواعد البيانات وإدارة محتوياتها من تخزين البيانات، وعرضها، والتعديل عليها، وكذلك حذفها.,"مفهوم قواعد البيانات واستخداماتها., التعامل مع الجداول., إدارة البيانات من إضافة، عرض، تعديل، وحذف.",مبتدئ,ساعتان,120 دقيقة تدريبية,3  اختبارات,مشروع واحد,"مقدمة في قواعد البيانات,  الأدوات المستخدمة,  التعامل مع قواعد البيانات | Databases,  التعامل مع الجداول | Tables,  التعامل مع البيانات | Data CRUD,  المشروع"
SQL 103,في هذه الدورة سنتعرف على مفاهيم متقدمة في SQL,"مفهوم العلاقات بين الجداول, مفهوم JOINS, مفهوم FOREIGN KEY",متقدم,ساعتان,120 دقيقة تدريبية,6  اختبارات,مشروعان,"مفهوم FOREIGN KEY,  مفهوم العلاقات | Relations,  مفهوم JOINS,  مفهوم VIEW,  مفهوم INDEXES,  مفهوم PROCEDURES,  المشروع,  المشروع النهائي"
UX/UI,سنتعرف في هذهِ الدورة على أساليب وطرق تصميم تجربة المستخدم وتصميم واجهة المستخدم، بدايةً من اكتشاف المشاكل بتصميم الواجهات والبحث عن الحلول باستخدام التفكير التصميمي وإنشاء التصاميم المبدئية إلى إنشاء تجربة مستخدم وواجهة مستخدم متكاملة.,"استكشاف المشاكل التصميمية وإيجاد حلولها., التعرف على التصاميم المبدئية Low-fidelity وفائدتها., إنشاء واجهة مستخدم ومتابعة تجربة المستخدم.",مبتدئ,4  ساعات,240 دقيقة تدريبية,3  اختبارات,no,"مقدمة في تجربة المستخدم وواجهة المستخدم UX/UI,  التصميم المبدئي Prototyping,  تصميم نموذج High-Fidelity"
أساسيات Firebase,سنتعرف في هذهِ الدورة على أساسيات منصة Firebase وأهم الخدمات التي تقدمها للمطوّرين.,"المصادقة Authentication., التخزين Storage., قواعد البيانات Firestore و Realtime.",مبتدئ,ساعتان,120 دقيقة تدريبية,5  اختبارات,no,"نظرة على منصة Firebase,  نظرة على Authentication,  نظرة على Storage,  نظرة على Cloud Firestore,  نظرة على Realtime Database"
C# 102,"سنتعرف في هذهِ الدورة على طرق استعمال التواريخ والوقت والمعاملات الرياضيّة والمنطقيّة في #C بالإضافة إلى مفاهيم متقدمة في لغة #C 
ومقدمة عن مفهوم التصنيفات أو Classes وObjects وكيفية إنشائهم.","طرق استخدام التواريخ والوقت والمعاملات., التعرف على مفاهيم مختلفة مثل تحويل أنواع البيانات., كيفية إنشاء Class و Object.",مبتدئ,ساعتان,120 دقيقة تدريبية,5  اختبارات,no,"التعامل مع الأرقام | Numbers,  المعاملات | Operators,  مفاهيم في #C,  المكتبات | Libraries,  مقدمة في Class و Object"
Python 101,سنتعرف في هذهِ الدورة على أساسيات لغة Python، حيث نقوم بداية بتجهيز بيئة العمل ثم التعرف على طريقة تخزين البيانات والتعامل مع أنواع البيانات المختلفة وتنفيذ العمليات والأوامر البسيطة عليها مثل الجُمل الشرطيّة، عمليات التكرار والتعامل مع الدوال.,"ما هي لغة Python وفيما تستخدم؟, التعامل مع Data Types وتخزينها وتنفيذ العمليات عليها., التعامل مع كل من  Loops و Conditions و Functions.",مبتدئ,3  ساعات,180 دقيقة تدريبية,9  اختبارات,مشروعان,"مقدمة في لغة Python,  الأدوات المستخدمة,  التعليقات | Comments,  المتغيرات | Variables,  المدخلات والمخرجات | Inputs and Outputs,  أنواع البيانات والمعاملات | Data Types & Operators,  أنواع البيانات المتقدمة,  الشروط | Condition,  التكرار | Loops,  الدوال | Functions,  المشروع"
kotlin 103,سنتعرف في هذهِ الدورة على عدد من المفاهيم المتقدمة في kotlin.,"تعلم high-order functions., تعلم  coroutines., تعلم lambdas.",متوسط,ساعتان,120 دقيقة تدريبية,6  اختبارات,no,"مقدمة في Generics,  مقدمة في Exception Handling,  مقدمة في Nullable types,  مقدمة في Advanced Functions,  مبادئ في Scope function,  مبادئ في Coroutines"
C# 101,سنتعرف في هذهِ الدورة على أساسيات لغة #C وكيفية استخدام المفاهيم البرمجيّة فيها، والتي تضم تعريف المتغيرات وإنشاء جمل طباعة وإدخال واستخدام الجمل الشرطية ومفهوم Loops والدوال بالإضافة إلى طرق استدعائها.,"تعريف المتغيرات وأنواع البيانات وطرق حفظها., إنشاء الجمل الشرطيّة وطباعتها., مفهوم الدوال وكيفية كتابتها واستدعائها.",مبتدئ,ساعتان,120 دقيقة تدريبية,7  اختبارات,مشروع واحد,"مقدمة في #C,  أساسيات في #C,  أنواع البيانات | Data Types,  الجمل الشرطية | Conditions,  التكرار | Loops,  المصفوفات | Arrays,  الدوال | Functions,  المشروع"
Bootstrap,سنتعرف في هذهِ الدورة على تنسيق صفحات الويب باستخدام Bootstrap ثم ستقوم بتوظيف ماتعلمته في مشروع.,"التعرف على النقلة النوعية التي يحدثها Bootstrap في التنسيق., طريقة استخدام كلاسات Bootstrap للتنسيق بشكل سريع., تطبيق ماتم تعلمه على صفحة ويب حقيقية.",متوسط,ساعتان,120 دقيقة تدريبية,3  اختبارات,no,"مقدمة في Bootstrap,  العناصر الأساسية | Basic Style,  التنسيق | Layout,  العناصر | Components,  المشروع"
CSS,سنتعرف في هذهِ الدورة على مفهوم CSS وكيفية إضافته إلى ملف HTML لتنسيق صفحات الويب، كما سنتعرف على كيفية التحكم بألوان العناصر وأحجامها.,"التعرف على مفهوم CSS, التحكم بألوان وأحجام الخطوط وأنواعها, طريقة تنسيق الإطارات",مبتدئ,ساعتان,120 دقيقة تدريبية,6  اختبارات,مشروع واحد,"مقدمة في CSS,  الخلفيات | Background,  النصوص | Texts,  الإطارات  | Borders,  خصائص Box Model,  تنسيق الصفحة | Layout,  المشروع"
مقدمة في DOM,سنتعرف في هذهِ الدورة على كيفية الوصول إلى عناصر HTML باستخدام DOM وإجراء عدد من العمليات عليها.,"سنتعرف على DOM وكيفية التعامل معه., سنتعرف على كيفية الوصول إلى عناصر HTML., سنتعرف على Event Listener وكيفية إضافتها على عنصر HTML.",مبتدئ,ساعة واحدة,60 دقيقة تدريبية,3  اختبارات,no,"مقدمة في DOM,  اجراءات على عناصر DOM,  مقدمة في Event"
HTML,سنتعرف في هذهِ الدورة على أساسيات HTML وعلى طريقة استخدامها في إنشاء صفحات الويب.,"إنشاء الهيكل الأساسي لصفحة الويب., عرض النصوص، الصور، مقاطع الفيديو وغيرها., بناء صفحة ويب متكاملة.",مبتدئ,3  ساعات,180 دقيقة تدريبية,8  اختبارات,no,"مقدمة في HTML,  النصوص | Text,  تنسيق النصوص | Formatting,  القوائم | Lists,  الروابط | Links,  الوسائط | Media,  الجداول |  Tables,  النماذج | Forms"
Kotlin 101,سنتعرف في هذهِ الدورة على الأساسيات في برمجة Kotlin.,"تعلم ما هي لغة Kotlin., كيفية تحميل intellij., تعلم الأساسيات في البرمجة باستخدام Kotlin.",مبتدئ,ساعتان,120 دقيقة تدريبية,7  اختبارات,no,"مقدمة في Kotlin,  المتغيرات والثوابت | variables and constants,  أنواع البيانات | Data types,  المعاملات | Operators,  الجمل الشرطية | Conditional statements,  مقدمة في collections,  التكرار | Loops,  مقدمة في الدوال | Functions"
Kotlin 102,سنتعرف في هذهِ الدورة على عدد من المواضيع المتقدمة في لغة Kotlin كما سنتعرف على بعض المفاهيم الجديدة مثل Object Oriented Programming,"مفاهيم متقدمة في kotlin., مفهوم الوراثة في البرمجة., كيفية استخدام Objects و Companion objects.",مبتدئ,ساعة واحدة,60 دقيقة تدريبية,7  اختبارات,no,"مقدمة في برمجة الكائنات,  مقدمة في الوراثة | Inheritance,  مقدمة في Abstract,  مقدمة في interface,  مقدمة في Data and Enum Classes,  مقدمة في التصنيفات المتداخلة | Nested Classes,  مقدمة في  Object and Companion object"
JavaScript 102,سنتعرف في هذهِ الدورة على عدد من المفاهيم في JavaScript والتي ستساعدك على بناء برامج ذات إمكانيات أكبر مثل طرق التعامل مع الأرقام والتواريخ واستخدام Callback وطرق التعامل مع المصفوفات والدوال، كما سنتعرف على مفهوم البرمجة الكائنية أو Object Oriented Programming وطرق استخدامها.,"طرق التعامل مع الأرقام ومفهوم Callback., أهم الدوال المستخدمة للتعامل مع المصفوفات., مفهوم البرمجة الكائنية في JavaScript.",متوسط,6  ساعات,360 دقيقة تدريبية,5  اختبارات,مشروع واحد,"الأرقام والتواريخ,  مفهوم Callback وكيفية تطبيقه,  دوال المصفوفات | Advanced Array,  البرمجة الكائنية | Object Oriented Programming,  نظرة على الدوال بشكل أعمق | Advanced Functions,  المشروع"
JavaScript 103,سنتعرف في هذهِ الدورة على عدد من المفاهيم المتقدمة والتي تساعدنا على كتابة برامج ذات خصائص وإمكانيات عالية، كمفهوم Regular Expression وطريقة استخدامها للبحث في النصوص والتعامل معها، كما سنتعرف على مفهوم Destructuring وطرق استخدامه المختلفة، بالإضافة إلى مفهوم Promises وأهميته في تنظيم مسار البرنامج.,"البحث في النصوص باستخدام Regular Expression., الإسناد باستخدام Destructuring., تنظيم مسار البرنامج باستخدام Promises.",متقدم,6  ساعات,360 دقيقة تدريبية,3  اختبارات,no,"مفهوم Regular Expressions,  مفهوم  Promises,  مفهوم Destructuring"
Node.js,سنتعرف في هذهِ الدورة على مفهوم Node.js بشـكل عـام، ثم سنسلط الضوء عـلى الأوامر البرمجية وكيفية التعامل معها وتنفيذها في Node.js بالإضافة إلى طريقة استخدامها في المشاريع البرمجية الحقيقة.,"التعرف على مفهوم Node.js., التعرف على مفهوم Node REPL., التعرف على نظام إدارة الحزم Npm.",مبتدئ,3  ساعات,180 دقيقة تدريبية,6  اختبارات,no,"مقدمة في Node.js,  طريقة استخدام Node.js,  الوحدة REPL,  تصدير وحدة | Module,  نظام إدارة الحزم | NPM,  مكتبة Filesystem,  مشروع"
Swift 103,سنتعرف في هذهِ الدورة على مفاهيم متقدمة في Swift مثل ترتيب البيانات في Struct والتعامل مع الأخطاء وغيرها الكثير.,"مفهوم Enumeration و Tuple بالإضافة إلى Struct., مفهوم Error Handling وكذلك Defer و Guard., مفهوم Protocol و Extension وكذلك Generics.",متوسط,4  ساعات,240 دقيقة تدريبية,6  اختبارات,مشروع واحد,"مقدمة في Enumeration و Tuples,  مقدمة في Struct,  مقدمة في Closures,  مقدمة في Protocol  و Extension,  مقدمة في Error Handling و Defer,  مقدمة في Guard و Generics,  المشروع"
MongoDB,سنتعرف في هذهِ الدورة على مفهوم قواعد البيانات وأحد أشهر أنواعها وهي MongoDB، ثم سنتعرف على  طريقة التعامل مع البيانات من إضافة وحذف وتعديل. كما سنتعرف على طريقة استخدام برنامج MongoDB Compass، بالإضافة إلى طريقة حفظ البيانات والتعامل معها باستخدام خدمة MongoDB Atlas السحابية.,"مفهوم قواعد البيانات., التعامل مع قواعد البيانات في MongoDB., طريقة استخدام Compass و Atlas.",مبتدئ,4  ساعات,240 دقيقة تدريبية,6  اختبارات,مشروع واحد,"قواعد البيانات,  الأدوات المستخدمة,  التعامل مع قواعد البيانات,  التعامل مع Collections,  التعامل مع Documents,  التعامل مع Aggregation,  العلاقات | Relations,  التعامل مع قواعد البيانات عن طريق Compass,  مدخل إلى Atlas,  المشروع"
Swift 101,سنتعرف في هذهِ الدورة على أساسيات المفاهيم البرمجيّة في لغة swift 5.2 والتي ستساعدك في تطوير تطبيقات iOS.,"أساسيات المفاهيم البرمجية في لغة Swift., طرق وأساليب التعامل مع البيانات., مفهوم الدوال وكيفية كتابتها واستدعائها.",مبتدئ,4  ساعات,240 دقيقة تدريبية,8  اختبارات,مشروع واحد,"مدخل إلى Swift,  المتغيرات والثوابت Variabels and Constants,  أنواع البيانات | Data Types,  المعاملات | Operators,  الجمل الشرطية | Control Flow,  التكرار | Loop,  مقدمة في Collections,  مقدمة في Functions,  المشروع"
Swift 102,"سنتعرف في هذهِ الدورة على مفهوم البرمجة الكائنية Object-Oriented-Programming 
مع تطبيقها في لغة Swift 5.3 بالإضافة إلى مفهوم Optionals","مفهوم Class ومفهوم Object., مفهوم الوراثة Inheritance., مفهوم التحكم بالوصول Access Control., مفهوم Optionals.",مبتدئ,4  ساعات,240 دقيقة تدريبية,6  اختبارات,مشروع واحد,"مقدمة في Classes و Objects,  الخصائص | Properties,  مقدمة في Methods,  الوراثة | Inheritance,  التحكم بالوصول | Access Control,  مقدمة في Optionals,  المشروع النهائي"
Heroku,في هذه الدورة سنتعرف على طريقة استخدام منصة Heroku لاستضافة ونشر مشاريعنا.,"التسجيل في منصة Heroku., تجهيز وإعداد البرنامج للرفع., تجهيز واستخدام قواعد البيانات السحابية.",مبتدئ,ساعة واحدة,60 دقيقة تدريبية,no,no,رفع المشاريع على منصة Heroku
Express,سنتعرف في هذهِ الدورة على دور Express وأهميته في المشاريع البرمجية، وعلى طريقة توظيفه للتفاعل مع استقبال Requests وإعطاء Responses.,"التعرف على الخصائص التي يقدمها Express لمشروعك., استقبال الطلبات | Requests ومعالجتها وإعطاء ردود | Responses., تعلم Express بشكل مستقل غير متعلق بأي Framework.",مبتدئ,3  ساعات,180 دقيقة تدريبية,4  اختبارات,no,"نظرة على Express,  دوال Application,  دوال Request,  دوال Response,  مفهوم Router"
JavaScript 101,سنتعرف في هذهِ الدورة على أساسيات لغة JavaScript، حيث نقوم بالتعرف على عدد من المفاهيم كالتعليقات والمتغيرات والثوابت والمصفوفات والجمل الشرطيّة وجمل التكرار بالإضافة إلى الدوال.,"أنواع البيانات وطرق حفظها والوصول إليها., طرق وأساليب التعامل مع البيانات., مفهوم الدوال وكيفية كتابتها واستدعائها.",مبتدئ,5  ساعات,300 دقيقة تدريبية,8  اختبارات,مشروع واحد,"الأداوات المستخدمة,  المتغيرات والثوابت | Variables & Constants,  التعليقات | Comments,  أنواع البيانات والمعاملات | Data Types & Operators,  النصوص | Strings,  المصفوفات | Arrays,  الجمل الشرطية | Conditions,  التكرار | Loops,  الدوال | Functions,  المشروع"
