Course Name,Type_of_Program,Description,Goals,Location,Date Range,Duration,Start Date,End Date,Age Group,Questions,Answers,links,tools_and_languages,acquired_skills,job_titles
فعالية WWDC24 Watch Party,لقاء,فعالية مصاحبة تقام على جانب مؤتمر شركة Apple السنوي WWDC، والذي يهتم بعرض أحدث برامج وتقنيات أنظمة آبل، والإعلان عن أهم وأبرز إطلاقات الشركة، في هذه الفعالية سيتم بث حدث المؤتمر بشكل مباشر، واستضافة العديد من الخبراء والمختصّين ضمن ورش عملية متنوّعة، والحديث حول منتجات Apple الجديدة.,غير مذكور,الرياض,يوم واحد,08:00 م - 11:00 م,6/10/2024,6/10/2024,كبار,", أين ستقام الفعالية؟",", في مقر الكراج بمدينة الرياض، وتحديداً في مدينة الملك عبدالعزيز للعلوم والتقنية.",https://tuwaiq.edu.sa/bootcamp/KV4waj2Z/view,لا توجد أدوات أو لغات برمجة مطلوبة,لا توجد مهارات محددة مكتسبة من الفعالية,لا توجد مسميات وظيفية مطلوبة
إدارة خدمات تقنية المعلومات (ITIL),برنامج,برنامج تدريبي يستهدف المهتمين بتعلم مفاهيـم 4 ITIL عن طريق شرح وتطبيق عدد من المفاهيم المتخصصة، مثـل Lean Agile وDevOps، وذلك لاكتساب خبرة معرفية وعملية في مجال خدمات تقنية المعلومات.,", تعزيز وزيادة المعرفة والإلمام بالمعلومات الأساسية لخدمات تقنية المعلومات., معرفة كيف تعمل تقنية المعلومات بكامل مكوناتها., الاستعداد للاختبار الرسمي للشهادة",الرياض,أسبوع واحد,06:00 م - 09:00 م,6/23/2024,6/27/2024,كبار,", هل توجد شهادة بعد انتهاء المعسكر / البرنامج؟, هل يتم إشعاري بالقبول؟",", تقدم أكاديمية طويق معسكرات وبرامج بشهادات احترافية بالشراكة مع كبرى الجهات العالمية، بالإضافة إلى شهادات حضور لكافة المعسكرات والبرامج., يتم إشعارك بالقبول النهائي عبر البريد الإلكتروني قبل بدء المعسكر / البرنامج بفترة كافية.",https://tuwaiq.edu.sa/bootcamp/4G6ZLmVJ/view,"ITIL Tools, ServiceNow","مهارة إدارة خدمات تقنية المعلومات, مهارة تحليل وتحسين العمليات, مهارة إدارة المشاريع التقنية","مدير خدمات تقنية المعلومات (IT Service Manager), مدير عمليات تقنية المعلومات (IT Operations Manager), مسؤول تكنولوجيا المعلومات (IT Officer)"
الذكاء الاصطناعي التوليدي القائم على LLAMA,معسكر,يهدف البرنامج التدريبي إلى التعرف على الذكاء الاصطناعي التوليدي القائم على LLAMA، بالتركيز على تدريب المطورين على تخصيص نماذج اللغة الكبيرة الخاصة بهم (LLMs) في مجموعة متنوعة من المجالات التجارية المهمة.,", تطوير مهارات عملية في بناء وتطبيق نماذج الذكاء الاصطناعي التوليدي القائمة على LLAMA, بناء نماذج الذكاء الاصطناعي التوليدي باستخدام LLAMA, حالات استخدام واقعية لنماذج الذكاء الاصطناعي التوليدي",الرياض,7 أسابيع,10:00 ص - 02:00 م,6/30/2024,8/15/2024,كبار,", هل يتوفر سكن لطلاب المعسكر؟, هل توجد شهادة بعد انتهاء المعسكر / البرنامج؟, هل يتم إشعاري بالقبول؟",", توجد خصومات خاصة لطلاب أكاديمية طويق في عدد من الفنادق والشقق., تقدم أكاديمية طويق معسكرات وبرامج بشهادات احترافية بالشراكة مع كبرى الجهات العالمية، بالإضافة إلى شهادات حضور لكافة المعسكرات والبرامج., يتم إشعارك بالقبول النهائي عبر البريد الإلكتروني قبل بدء المعسكر / البرنامج بفترة كافية.",https://tuwaiq.edu.sa/bootcamp/VjJ4mYlE/view,"Python, TensorFlow, PyTorch","مهارة تطوير نماذج الذكاء الاصطناعي, مهارة التعامل مع البيانات الكبيرة, مهارة البرمجة باستخدام Python","مهندس ذكاء اصطناعي (AI Engineer), عالم بيانات (Data Scientist), مطور ذكاء اصطناعي (AI Developer)"
التطوير باستخدام تقنيات الواقع الممتد,معسكر,معسكر تطوير تقنيات الواقع الممتد هو برنامج تعليمي متخصص يهدف لتمكين المشاركين من اكتساب المهارات الضرورية لتطوير تطبيقات وتجارب واقع معززة وافتراضية مبتكرة. ,", تمكين المشاركين من اكتساب المهارات الفنية والتقنية اللازمة لتطوير تطبيقات وتجارب واقع معززة وواقع افتراضي مبتكرة., توفير بيئة تعليمية مكثفة تمكن المشاركين من تطبيق المفاهيم والتقنيات الحديثة في مجال تقنيات الواقع الممتد, تحفيز الإبداع والابتكار من خلال تطوير مشاريع واقع ممتدة تلبي احتياجات المستخدمين وتسهم في تطوير صناعة التطبيقات الحديثة.",الرياض,6 أسابيع,04:00 م - 08:00 م,6/30/2024,8/8/2024,كبار,", هل يتوفر سكن لطلاب المعسكر؟, هل توجد شهادة بعد انتهاء المعسكر / البرنامج؟, هل يتم إشعاري بالقبول؟",", توجد خصومات خاصة لطلاب أكاديمية طويق في عدد من الفنادق والشقق., تقدم أكاديمية طويق معسكرات وبرامج بشهادات احترافية بالشراكة مع كبرى الجهات العالمية، بالإضافة إلى شهادات حضور لكافة المعسكرات والبرامج., يتم إشعارك بالقبول النهائي عبر البريد الإلكتروني قبل بدء المعسكر / البرنامج بفترة كافية.",https://tuwaiq.edu.sa/bootcamp/qRxVg18X/view,"Unity, C#, ARKit, ARCore","مهارة تطوير تطبيقات الواقع الممتد, مهارة استخدام Unity وC#, مهارة تصميم تجارب الواقع المعزز والافتراضي","مطور تطبيقات الواقع الممتد (Extended Reality Developer), مهندس واقع افتراضي (VR Engineer), مصمم واقع معزز (AR Designer)"
برمجة لغة C# لبناء عوالم افتراضية باستخدام Unity,معسكر,ستتعلم من خلال هذا المعسكر البرمجة بلغة C# كما ستتعرف علىمحرك الألعاب الأشهر Unity وكيفية عمله من خلال بناء ألعاب وبناء ملف خاص بك لرفع مشاريعك في مجال الألعاب,", تطوير المهتمين في مجال الألعاب , تطوير الباحثين عن وظائف في نفس المجال , توعية المجتمع  بأهمية الألعاب ومستقبلها في المملكة العربية السعودية",الرياض,6 أسابيع,04:00 م - 08:00 م,6/30/2024,8/8/2024,كبار,", هل يتوفر سكن لطلاب المعسكر؟, هل توجد شهادة بعد انتهاء المعسكر / البرنامج؟, هل يتم إشعاري بالقبول؟",", توجد خصومات خاصة لطلاب أكاديمية طويق في عدد من الفنادق والشقق., تقدم أكاديمية طويق معسكرات وبرامج بشهادات احترافية بالشراكة مع كبرى الجهات العالمية، بالإضافة إلى شهادات حضور لكافة المعسكرات والبرامج., يتم إشعارك بالقبول النهائي عبر البريد الإلكتروني قبل بدء المعسكر / البرنامج بفترة كافية.",https://tuwaiq.edu.sa/bootcamp/vleGDNVR/view,"C#, Unity","مهارة البرمجة بلغة C#, مهارة تطوير الألعاب باستخدام Unity, مهارة تصميم عوالم افتراضية","مطور ألعاب (Game Developer), مهندس ألعاب (Game Engineer), مصمم ألعاب (Game Designer)"
تصميم وتصنيع الحلول الهندسية,معسكر,صناعة الحلول الهندسية واخراجها على شكل أنظمة تخدم الصناعات المدنية والعسكريةوذلك بالتطبيق النظري والعملي ببناء تجارب ومشاريع صغيرة، وربطهما في بعضهما البعضفي الميكانيكا والكهرباء والإلكترونيات والاتصالات والبرمجة.,", تصنيع الأنظمة محلياً للقطاعات المدنية والعسكرية., تطوير المنظومات المدنية والعسكرية., صناعة حلول لحل مشاكل المنظومات المدنية والعسكرية., توطين صناعات الأنظمة محلياً باستخدام المواد والموارد المحلية، والاستقلالية عن الشركات الخارجية المحتكرة لقطع الغيار والصيانة  والدعم الفني وبرامج التشغيل، مما يستهلك الكثير من الوقت والجهد والمال وذلك لتحقيق رؤية 2030., تخريج كادر فعال ومبدع متوافق استراتيجي يتم الاعتماد عليه في عملية البحث والتطوير في كافة المجالات الهندسية والتقنية.",الرياض,14 أسابيع,05:00 م - 09:00 م,6/30/2024,10/3/2024,كبار,", أين سيقام المعسكر؟, هل يتوجب علي الحضور لمدينة الرياض للإلتحاق بالمعسكر؟",", في مقر الأكاديمية بمدينة الرياض, نعم",https://tuwaiq.edu.sa/bootcamp/Vo05XADm/view,"Python, SQL","مهارة تصميم النماذج الهندسية, مهارة استخدام البرمجيات الهندسية, مهارة التصنيع الرقمي, مهارة التفكير النقدي والإبداعي, مهارة حل المشكلات الهندسية","متخصص تكنولوجيا المعلومات (IT Specialist), مطور برمجيات (Software Developer)"
مقدمة في شيربوينت (أساسيات الإدارة والتخصيص),برنامج,"يهدف البرنامج للتعرف على أساسيات إدارة وتخصيص SharePoint في ""Introduction to SharePoint""، والتعرف على مفاهيم SharePoint وكيفية إعداد المواقع والمكتبات وتخصيص الصفحات وإدارة المواقع وإدارة الصلاحيات.",", فهم أساسيات SharePoint: تزويد المشاركين بفهم شامل لمفهوم SharePoint وأهميته، بما في ذلك الاختلافات بين SharePoint Online و On-Premises., إتقان إدارة المواقع والمكتبات: تمكين المشاركين من إنشاء وإدارة المواقع والمكتبات في SharePoint، بما في ذلك تكوين الأمان والصلاحيات., استخدام ميزات البحث والاستكشاف: تزويد المشاركين بالمهارات اللازمة للبحث عن المعلومات واستخدام ميزات البحث والاستكشاف بفعالية في SharePoint., تخصيص واستخدام التطبيقات الإضافية: تمكين المشاركين من تخصيص المواقع والصفحات واستخدام التطبيقات الإضافية لتلبية احتياجات المنظمات.",الرياض,أسبوع واحد,06:30 م - 09:30 م,6/30/2024,7/4/2024,كبار,", هل توجد شهادة بعد انتهاء المعسكر / البرنامج؟, هل يتم إشعاري بالقبول؟",", تقدم أكاديمية طويق معسكرات وبرامج بشهادات احترافية بالشراكة مع كبرى الجهات العالمية، بالإضافة إلى شهادات حضور لكافة المعسكرات والبرامج., يتم إشعارك بالقبول النهائي عبر البريد الإلكتروني قبل بدء المعسكر / البرنامج بفترة كافية.",https://tuwaiq.edu.sa/bootcamp/mog23GNL/view,"SharePoint, PowerShell","مهارة إدارة وتخصيص SharePoint, مهارة استخدام PowerShell, مهارة إدارة المحتوى المؤسسي","مسؤول شيربوينت (SharePoint Administrator), مطور شيربوينت (SharePoint Developer), أخصائي شيربوينت (SharePoint Specialist)"
هندسة الحوسبة السحابية AWS,برنامج,يهدف برنامج هندسة الحوسبة السحابية إلى تزويد المتدربين بالمعرفة الشاملة عن خدمات أمازون الضرورية لتنفيذ حلول سحابية، ويشمل ذلك بعض الأفكار المتعلقة بكيفية تصميم الحلول بطريقة آمنة ومقاومة للمشاكل التقنية. ,", تعلم كيفية استخدام الأدوات والخدمات المختلفة في أمازون لتكوين وتشغيل البيئات السحابية. , إدارة الأمان والوصول إلى خدمات أمازون, تصميم شبكات فعالة لاستضافة الخوادم وقواعد البيانات وغيرها على أمازون, التعرف على الخدمات التي تمكن المنظمات من تنفيذ مشاريع برمجية ببنية حديثة, استكشاف المفاهيم المتعلقة بانتقال الأعمال التقنية من بيئة تقليدية إلى السحابة",الرياض,أسبوعان,09:00 ص - 03:00 م,7/7/2024,7/18/2024,كبار,", هل توجد شهادة بعد انتهاء المعسكر / البرنامج؟, هل يتم إشعاري بالقبول؟",", تقدم أكاديمية طويق معسكرات وبرامج بشهادات احترافية بالشراكة مع كبرى الجهات العالمية، بالإضافة إلى شهادات حضور لكافة المعسكرات والبرامج., يتم إشعارك بالقبول النهائي عبر البريد الإلكتروني قبل بدء المعسكر / البرنامج بفترة كافية.",https://tuwaiq.edu.sa/bootcamp/xwYwPqLa/view,"AWS, Python, Terraform","مهارة إدارة الخدمات السحابية, مهارة تصميم بنية تحتية سحابية, مهارة البرمجة باستخدام Python","مهندس سحابي (Cloud Engineer), مهندس حلول سحابية (Cloud Solutions Engineer), مطور سحابي (Cloud Developer)"
 Security + أمن المعلومات ,برنامج,يهدف البرنامج إلى التعريف بالوحدات الأساسية المتعلقة بأمن المعلومات، والإلمام بالتحديات والتهديدات السيبرانية والأساليب المتقدمة لحماية خصوصية المعلومات، بالإضافة إلى الإعداد والمعرفة اللازمة لتجاوز اختبار الشهادة العالمية (CompTIA Security + Certification).,", التمييز بين أقسام مجال أمن المعلومات ومعرفة المهارات اللازمة لكل قسم., الإلمام بالتحديات والتهديدات السيبرانية التي تشكل خطرًا على المنظومات., الوعي الشامل بخصوصية المعلومات والأساليب المتقدمة لحمايتها بناءً على المعايير الأمنية.",الرياض,أسبوعان,06:00 م - 09:00 م,7/7/2024,7/18/2024,كبار,", هل توجد شهادة بعد انتهاء المعسكر / البرنامج؟, هل يتم إشعاري بالقبول؟",", تقدم أكاديمية طويق معسكرات وبرامج بشهادات احترافية بالشراكة مع كبرى الجهات العالمية، بالإضافة إلى شهادات حضور لكافة المعسكرات والبرامج., يتم إشعارك بالقبول النهائي عبر البريد الإلكتروني قبل بدء المعسكر / البرنامج بفترة كافية.",https://tuwaiq.edu.sa/bootcamp/Mq2yzpl5/view,"Kali Linux, Wireshark, Nessus, Python","مهارة تحليل الأمن السيبراني, مهارة استخدام أدوات الأمن السيبراني, مهارة تنفيذ اختبارات الاختراق","محلل أمان المعلومات (Information Security Analyst), مهندس أمن سيبراني (Cybersecurity Engineer), مستشار أمن سيبراني (Cybersecurity Consultant)"
الحوسبة السحابية والذكاء الاصطناعي,برنامج,يهدف البرنامج للتعرف على أساسيات التعامل مع سحابة علي بابا، وتغطية الخدمات الأساسية المستخدمة في معظم الأعمال العاملة على السحابة، بما في ذلك الحوسبة المرنة، والشبكات، والأمان، وقواعد البيانات، والتخزين.,", فهم أساسيات الحوسبة السحابية وكيف تختلف عن البنية التحتية لتكنولوجيا المعلومات التقليدية., فهم الخدمات الأساسية للحوسبة السحابية (الحوسبة، التخزين، الشبكات، قواعد البيانات) وكيفية ترابطها مع بعضها البعض., فهم أساسيات الذكاء الاصطناعي التوليدي والاعتبارات الأخلاقية المشاركة في تطوير تطبيقات GenAI.",الرياض,أسبوع واحد,09:00 ص - 01:00 م,7/14/2024,7/18/2024,كبار,", هل توجد شهادة بعد انتهاء المعسكر / البرنامج؟, هل يتم إشعاري بالقبول؟",", تقدم أكاديمية طويق معسكرات وبرامج بشهادات احترافية بالشراكة مع كبرى الجهات العالمية، بالإضافة إلى شهادات حضور لكافة المعسكرات والبرامج., يتم إشعارك بالقبول النهائي عبر البريد الإلكتروني قبل بدء المعسكر / البرنامج بفترة كافية.",https://tuwaiq.edu.sa/bootcamp/KwVlDV3b/view,"AWS, Python, TensorFlow","مهارة إدارة الخدمات السحابية, مهارة تطوير نماذج الذكاء الاصطناعي, مهارة البرمجة باستخدام Python","مهندس سحابي (Cloud Engineer), مهندس ذكاء اصطناعي (AI Engineer), عالم بيانات (Data Scientist)"
الأنظمة السحابية (Cloud +),برنامج,تهدف الدورة إلى تقديم معرفة شاملة بالأنظمة السحابية، وذلك من خلال الإلمام بالبيئة السحابية من مرحلة التخطيط إلى التصميم حتى البناء، والتعرف على الأساليب المتقدمة لمعالجة الأخطاء الفنية في البيئة التشغيلية السحابية؛ بالإضافة إلى الإعداد والمعرفة اللازمة لتجاوز اختبار الشهادة العالمية (CompTIA Cloud + Certification).,", إدراك المفاهيم السحابية مع المعرفة بأنماط تخطيط وتصميم وإدارة البيئة السحابية., الإلمام بطرق إدارة حفظ البيانات وإدارة الشبكات في الأنظمة السحابية., التعرف على الآليات في عمليات الانتقال السحابية، ومعالجة الأخطاء أثناء عملية بناء الأنظمة السحابية., القدرة على تأمين الأنظمة السحابية، بالتعرف على أحدث التقنيات الداعمة في أمن الحلول السحابية.",الرياض,أسبوعان,06:30 م - 10:30 م,7/14/2024,7/25/2024,كبار,", هل توجد شهادة بعد انتهاء المعسكر / البرنامج؟, هل يتم إشعاري بالقبول؟",", تقدم أكاديمية طويق معسكرات وبرامج بشهادات احترافية بالشراكة مع كبرى الجهات العالمية، بالإضافة إلى شهادات حضور لكافة المعسكرات والبرامج., يتم إشعارك بالقبول النهائي عبر البريد الإلكتروني قبل بدء المعسكر / البرنامج بفترة كافية.",https://tuwaiq.edu.sa/bootcamp/E83oNvJ6/view,"AWS, Azure, Google Cloud Platform (GCP)","مهارة إدارة وتكوين الخدمات السحابية, مهارة استخدام AWS, Azure, GCP, مهارة البرمجة باستخدام Python","مهندس سحابي (Cloud Engineer), مسؤول السحابة (Cloud Administrator), مهندس حلول سحابية (Cloud Solutions Engineer)"
علم البيانات وتعلم الآلة,معسكر,يهدف معسكر علم البيانات وتعلم الآلة إلى التعرف على علم البيانات وكيفية التعامل مع أنواع البيانات المختلفة، يتخذ هذا المعسكر نهجًا تطبيقيًا يٌرَكز على تطوير المهارات العملية من خلال مشاريع واقعية يتعلم فيها المشاركون كيفية استخراج البيانات وتحليلها واستخدام التقنيات الحديثة في تعلم الآلة لبناء نماذج تنبؤية تحليلية تهدف لحل المشكلات العملية وتطوير الأعمال.,", تعزيز مهارات التعاون والعمل الجماعي ضمن الفريق من خلال القيام بمشاريع مشتركة في علم البيانات., التعرف على أنواع البيانات والتحديات التي قد تظهر أثناء التعامل معها, تطبيق مبادئ التعلم الآلي في تحليل البيانات ونمذجتها لحل مشكلات حقيقية., تطوير قدرة المشاركين على تقديم نتائج المشاريع بصورة احترافية ومفهومة.",الرياض,8 أسابيع,10:00 ص - 03:00 م,7/21/2024,9/12/2024,كبار,", هل يتوفر سكن لطلاب المعسكر؟, هل توجد شهادة بعد انتهاء المعسكر / البرنامج؟, هل يتم إشعاري بالقبول؟",", توجد خصومات خاصة لطلاب أكاديمية طويق في عدد من الفنادق والشقق., تقدم أكاديمية طويق معسكرات وبرامج بشهادات احترافية بالشراكة مع كبرى الجهات العالمية، بالإضافة إلى شهادات حضور لكافة المعسكرات والبرامج., يتم إشعارك بالقبول النهائي عبر البريد الإلكتروني قبل بدء المعسكر / البرنامج بفترة كافية.",https://tuwaiq.edu.sa/bootcamp/OrzZL0EZ/view,"Python, SQL, Scikit-learn, Pandas, Numpy","مهارة تحليل البيانات, مهارة تطوير نماذج تعلم الآلة, مهارة البرمجة باستخدام Python وPandas وNumpy","عالم بيانات (Data Scientist), مهندس تعلم الآلة (Machine Learning Engineer), محلل بيانات (Data Analyst)"
إدارة عمليات الحوسبة السحابية AWS,معسكر,يهدف المعسكر إلى إكساب المتدربين المهارات والمعرفة اللازمة لإدارة وتشغيل بنية السحابة باستخدام خدمات AWS لضمان تشغيل ومراقبة البنية التحتية بشكل فعال يقلل من حدوث المشاكل.,", تعلم كيفية استخدام الأدوات والخدمات المختلفة في أمازون لتكوين وتشغيل البيئات السحابية. , استخدام أدوات المراقبة والصيانة المقدمة من أمازون لضمان استمرارية وأداء عالي للخدمات والأنظمة., فهم وتطبيق أفضل الممارسات في عمليات السحابة والأمان., تحليل وحل المشاكل والتحديات التي قد تواجه المشغلين في بيئة أمازون , العمل بفعالية كمشرفين لنظام أمازون وتنفيذ مهام الإدارة اليومية",الرياض,4 أسابيع,04:00 م - 10:00 م,7/21/2024,8/15/2024,كبار,", هل يتوفر سكن لطلاب المعسكر؟, هل توجد شهادة بعد انتهاء المعسكر / البرنامج؟, هل يتم إشعاري بالقبول؟",", توجد خصومات خاصة لطلاب أكاديمية طويق في عدد من الفنادق والشقق., تقدم أكاديمية طويق معسكرات وبرامج بشهادات احترافية بالشراكة مع كبرى الجهات العالمية، بالإضافة إلى شهادات حضور لكافة المعسكرات والبرامج., يتم إشعارك بالقبول النهائي عبر البريد الإلكتروني قبل بدء المعسكر / البرنامج بفترة كافية.",https://tuwaiq.edu.sa/bootcamp/5ejGzPmd/view,"AWS, Docker, Kubernetes","مهارة إدارة الخدمات السحابية, مهارة استخدام Docker وKubernetes, مهارة البرمجة باستخدام Python","مهندس عمليات السحابة (Cloud Operations Engineer), مسؤول النظام السحابي (Cloud Systems Administrator), مهندس بنية تحتية السحابية (Cloud Infrastructure Engineer)"
تطوير حلول الويب على AWS,معسكر,يهدف المعسكر إلى إكساب المتدربين مهارات التعامل البرمجي مع خدمات أمازون لبناء حلول الويب، كما يساعد البرنامج المتدربين في اختيار الخدمات المناسبة لتنفيذ الحلول ونشرها على السحابة باستخدام الـ SDKs و الـ CLI.,", تعليم المطورين كيفية التفاعل برمجيًا مع خدمات AWS لبناء حلول ويب, استخدام مجموعات تطوير البرمجيات (AWS SDKs) واستخدام واجهة سطر الأوامر (AWS CLI) في بناء ونشر التطبيقات البرمجية على السحابة., إتقان إعداد الصلاحيات والمصادقات لبيئات التطوير ومعالجة البيانات باستخدام خدمات AWS الأساسية., أمثلة عملية خلال المعسكر توضح كيفية استخدام وتنفيذ أنماط التصميم باستخدام مجموعات تطوير البرمجيات لـ AWS بلغات Python و .Net و Java، وواجهة سطر الأوامر لـ AWS ولوحة تحكم إدارة AWS ",الرياض,4 أسابيع,04:00 م - 10:00 م,7/21/2024,8/15/2024,كبار,", هل يتوفر سكن لطلاب المعسكر؟, هل توجد شهادة بعد انتهاء المعسكر / البرنامج؟, هل يتم إشعاري بالقبول؟",", توجد خصومات خاصة لطلاب أكاديمية طويق في عدد من الفنادق والشقق., تقدم أكاديمية طويق معسكرات وبرامج بشهادات احترافية بالشراكة مع كبرى الجهات العالمية، بالإضافة إلى شهادات حضور لكافة المعسكرات والبرامج., يتم إشعارك بالقبول النهائي عبر البريد الإلكتروني قبل بدء المعسكر / البرنامج بفترة كافية.",https://tuwaiq.edu.sa/bootcamp/P5maknX4/view,"AWS, JavaScript, Node.js","مهارة تطوير تطبيقات الويب, مهارة استخدام AWS, مهارة البرمجة باستخدام JavaScript وNode.js","مطور ويب (Web Developer), مهندس حلول سحابية (Cloud Solutions Engineer), مطور سحابي (Cloud Developer)"
طويق للأمن السيبراني,معسكر,يمنح معسكر طويق السيبراني المتدربين فرصة فريدة لتحسين مهاراتهم وتطوير قدراتهم في مجال إدارة خوادم Linux والشبكات وتقييم الثغرات واختبار الاختراق والاستجابة للحوادث والتحقيق الجنائي الرقمي.,", تأهيل وصقل مهارات حديثي التخرج والباحثين عن العمل, الارتقاء بمهارات حديثي التخرج التقنية حسب المعايير العالمية, تعزيز الحصول على فرص وظيفية. ",الرياض,17 أسابيع,09:00 ص - 03:00 م,8/4/2024,11/28/2024,كبار,", هل يتوفر سكن لطلاب المعسكر؟, هل توجد شهادة بعد انتهاء المعسكر / البرنامج؟, هل يتم إشعاري بالقبول؟",", توجد خصومات خاصة لطلاب أكاديمية طويق في عدد من الفنادق والشقق., تقدم أكاديمية طويق معسكرات وبرامج بشهادات احترافية بالشراكة مع كبرى الجهات العالمية، بالإضافة إلى شهادات حضور لكافة المعسكرات والبرامج., يتم إشعارك بالقبول النهائي عبر البريد الإلكتروني قبل بدء المعسكر / البرنامج بفترة كافية.",https://tuwaiq.edu.sa/bootcamp/1JeYqe5k/view,"Kali Linux, Metasploit, Wireshark","مهارة تحليل الأمن السيبراني, مهارة استخدام أدوات الأمن السيبراني, مهارة تنفيذ اختبارات الاختراق","محلل أمان المعلومات (Information Security Analyst), مهندس أمن سيبراني (Cybersecurity Engineer), مستشار أمن سيبراني (Cybersecurity Consultant)"
الأنظمة السحابية (Cloud +),برنامج,تهدف الدورة إلى تقديم معرفة شاملة بالأنظمة السحابية، وذلك من خلال الإلمام بالبيئة السحابية من مرحلة التخطيط إلى التصميم حتى البناء، والتعرف على الأساليب المتقدمة لمعالجة الأخطاء الفنية في البيئة التشغيلية السحابية؛ بالإضافة إلى الإعداد والمعرفة اللازمة لتجاوز اختبار الشهادة العالمية (CompTIA Cloud + Certification).,", إدراك المفاهيم السحابية مع المعرفة بأنماط تخطيط وتصميم وإدارة البيئة السحابية., الإلمام بطرق إدارة حفظ البيانات وإدارة الشبكات في الأنظمة السحابية., التعرف على الآليات في عمليات الانتقال السحابية، ومعالجة الأخطاء أثناء عملية بناء الأنظمة السحابية., القدرة على تأمين الأنظمة السحابية، بالتعرف على أحدث التقنيات الداعمة في أمن الحلول السحابية.",الرياض,أسبوعان,06:30 م - 10:30 م,8/4/2024,8/15/2024,كبار,", هل توجد شهادة بعد انتهاء المعسكر / البرنامج؟, هل يتم إشعاري بالقبول؟",", تقدم أكاديمية طويق معسكرات وبرامج بشهادات احترافية بالشراكة مع كبرى الجهات العالمية، بالإضافة إلى شهادات حضور لكافة المعسكرات والبرامج., يتم إشعارك بالقبول النهائي عبر البريد الإلكتروني قبل بدء المعسكر / البرنامج بفترة كافية.",https://tuwaiq.edu.sa/bootcamp/wYd8Ddq4/view,"AWS, Azure, Google Cloud Platform (GCP)","مهارة إدارة وتكوين الخدمات السحابية, مهارة استخدام AWS, Azure, GCP, مهارة البرمجة باستخدام Python","مهندس سحابي (Cloud Engineer), مسؤول السحابة (Cloud Administrator), مهندس حلول سحابية (Cloud Solutions Engineer)"
إدارة عمليات الحوسبة السحابية AWS,معسكر,يهدف المعسكر إلى إكساب المتدربين المهارات والمعرفة اللازمة لإدارة وتشغيل بنية السحابة باستخدام خدمات AWS لضمان تشغيل ومراقبة البنية التحتية بشكل فعال يقلل من حدوث المشاكل.,", تعلم كيفية استخدام الأدوات والخدمات المختلفة في أمازون لتكوين وتشغيل البيئات السحابية. , استخدام أدوات المراقبة والصيانة المقدمة من أمازون لضمان استمرارية وأداء عالي للخدمات والأنظمة., فهم وتطبيق أفضل الممارسات في عمليات السحابة والأمان., تحليل وحل المشاكل والتحديات التي قد تواجه المشغلين في بيئة أمازون , العمل بفعالية كمشرفين لنظام أمازون وتنفيذ مهام الإدارة اليومية",الرياض,4 أسابيع,04:00 م - 10:00 م,8/18/2024,9/12/2024,كبار,", هل يتوفر سكن لطلاب المعسكر؟, هل توجد شهادة بعد انتهاء المعسكر / البرنامج؟, هل يتم إشعاري بالقبول؟",", توجد خصومات خاصة لطلاب أكاديمية طويق في عدد من الفنادق والشقق., تقدم أكاديمية طويق معسكرات وبرامج بشهادات احترافية بالشراكة مع كبرى الجهات العالمية، بالإضافة إلى شهادات حضور لكافة المعسكرات والبرامج., يتم إشعارك بالقبول النهائي عبر البريد الإلكتروني قبل بدء المعسكر / البرنامج بفترة كافية.",https://tuwaiq.edu.sa/bootcamp/xGPXRKwV/view,"AWS, Docker, Kubernetes","مهارة إدارة الخدمات السحابية, مهارة استخدام Docker وKubernetes, مهارة البرمجة باستخدام Python","مهندس عمليات السحابة (Cloud Operations Engineer), مسؤول النظام السحابي (Cloud Systems Administrator), مهندس بنية تحتية السحابية (Cloud Infrastructure Engineer)"
تطوير حلول الويب على AWS,معسكر,يهدف البرنامج إلى إكساب المتدربين مهارات التعامل البرمجي مع خدمات أمازون لبناء حلول الويب، كما يساعد البرنامج المتدربين في اختيار الخدمات المناسبة لتنفيذ الحلول ونشرها على السحابة باستخدام الـ SDKs و الـ CLI.,", تعليم المطورين كيفية التفاعل برمجيًا مع خدمات AWS لبناء حلول ويب, استخدام مجموعات تطوير البرمجيات (AWS SDKs) واستخدام واجهة سطر الأوامر (AWS CLI) في بناء ونشر التطبيقات البرمجية على السحابة., إتقان إعداد الصلاحيات والمصادقات لبيئات التطوير ومعالجة البيانات باستخدام خدمات AWS الأساسية., أمثلة عملية خلال المعسكر توضح كيفية استخدام وتنفيذ أنماط التصميم باستخدام مجموعات تطوير البرمجيات لـ AWS بلغات Python و .Net و Java، وواجهة سطر الأوامر لـ AWS ولوحة تحكم إدارة AWS ",الرياض,4 أسابيع,04:00 م - 10:00 م,8/18/2024,9/12/2024,كبار,", هل يتوفر سكن لطلاب المعسكر؟, هل توجد شهادة بعد انتهاء المعسكر / البرنامج؟, هل يتم إشعاري بالقبول؟",", توجد خصومات خاصة لطلاب أكاديمية طويق في عدد من الفنادق والشقق., تقدم أكاديمية طويق معسكرات وبرامج بشهادات احترافية بالشراكة مع كبرى الجهات العالمية، بالإضافة إلى شهادات حضور لكافة المعسكرات والبرامج., يتم إشعارك بالقبول النهائي عبر البريد الإلكتروني قبل بدء المعسكر / البرنامج بفترة كافية.",https://tuwaiq.edu.sa/bootcamp/J0DYZmAN/view,"AWS, JavaScript, Node.js","مهارة تطوير تطبيقات الويب, مهارة استخدام AWS, مهارة البرمجة باستخدام JavaScript وNode.js","مطور ويب (Web Developer), مهندس حلول سحابية (Cloud Solutions Engineer), مطور سحابي (Cloud Developer)"
هندسة عمليات التطوير DevOps على AWS,معسكر,"يهدف المعسكر إلى إكساب المتدربين مهارات تبسيط عملية التصميم ,التطوير، والنشر ثم المتابعة والصيانة للأنظمة البرمجية على أمازون باستخدام مفاهيم الـ DevOps؛ وينتج عن هذا الفهم تسريع وتيرة التحديثات البرمجية للأنظمة بما يحقق مصلحة المنظمة والعميل.",", بناء مسار CI/CD لدعم فريق التنفيذ البرمجي, تمكين المسار من النشر على خدمات الحوسبة المختلفة لدى أمازون,  التعرف على الاستراتيجيات المختلفة لنشر التحديثات البرمجية بما يضمن عدم تأثر البنية الحالية ومنفعة العملاء منها, التطبيق العملي للمفاهيم المذكورة لتعزيز التجربة التدريبية",الرياض,4 أسابيع,09:00 ص - 03:00 م,9/1/2024,9/26/2024,كبار,", هل يتوفر سكن لطلاب المعسكر؟, هل توجد شهادة بعد انتهاء المعسكر / البرنامج؟, هل يتم إشعاري بالقبول؟",", توجد خصومات خاصة لطلاب أكاديمية طويق في عدد من الفنادق والشقق., تقدم أكاديمية طويق معسكرات وبرامج بشهادات احترافية بالشراكة مع كبرى الجهات العالمية، بالإضافة إلى شهادات حضور لكافة المعسكرات والبرامج., يتم إشعارك بالقبول النهائي عبر البريد الإلكتروني قبل بدء المعسكر / البرنامج بفترة كافية.",https://tuwaiq.edu.sa/bootcamp/7kp4GAB5/view,"AWS, Docker, Jenkins","مهارة تنفيذ عمليات DevOps, مهارة استخدام Docker وJenkins, مهارة إدارة البنية التحتية السحابية","مهندس DevOps (DevOps Engineer), مهندس بنية تحتية (Infrastructure Engineer), مهندس عمليات السحابة (Cloud Operations Engineer)"
هندسة الحلول السحابية المتقدمة AWS,معسكر,يهدف المعسكر إلى تنوير المتدربين بشأن كيفية التعامل مع تحديات بنيوية شائعة تواجه المنظمات التي تعمل على نطاق واسع بحسابات متعددة، يشمل التعامل مع هذه التحديات الاختيار المناسب للخدمات والمزايا التي تقدمها أمازون.,", تطوير مهارات وقدرات المتدربين في فهم متطلبات العملاء وترجمتها إلى حلول سحابية متقدمة على منصة أمازون. , إكساب المتدربين الخبرة والمعرفة اللازمة لتحليل وتصميم حلول سحابية متقدمة باستخدام خدمات أمازون., إدارة الحسابات المتعددة، التوصيل بين البنية التحتية السحابية والخارجية، الشبكات المتقدمة؛ خدمات الـ Containers وأدوات الأتمتة وتقنيات (CI/CD)., التعرف على خدمات تخزين ومعالجة البيانات الضخمة AWS Data Lakes, تطبيقات الأمان والأداء والموثوقية بالإضافة إلى استخدام أفضل الممارسات والتقنيات الحديثة في مجال الحوسبة السحابية., تصميم أفضل الحلول للعديد من السيناريوهات والتحديات",الرياض,4 أسابيع,04:00 م - 10:00 م,10/6/2024,10/31/2024,كبار,", هل يتوفر سكن لطلاب المعسكر؟, هل توجد شهادة بعد انتهاء المعسكر / البرنامج؟, هل يتم إشعاري بالقبول؟",", توجد خصومات خاصة لطلاب أكاديمية طويق في عدد من الفنادق والشقق., تقدم أكاديمية طويق معسكرات وبرامج بشهادات احترافية بالشراكة مع كبرى الجهات العالمية، بالإضافة إلى شهادات حضور لكافة المعسكرات والبرامج., يتم إشعارك بالقبول النهائي عبر البريد الإلكتروني قبل بدء المعسكر / البرنامج بفترة كافية.",https://tuwaiq.edu.sa/bootcamp/jdKDMLZl/view,"AWS, Terraform, Ansible","مهارة تصميم حلول سحابية متقدمة, مهارة استخدام Terraform وAnsible, مهارة إدارة البنية التحتية السحابية","مهندس حلول سحابية متقدمة (Advanced Cloud Solutions Engineer), مهندس بنية تحتية السحابية (Cloud Infrastructure Engineer), مستشار حلول سحابية (Cloud Solutions Consultant)"
تطوير حلول الويب على AWS,معسكر,يهدف المعسكر إلى إكساب المتدربين مهارات التعامل البرمجي مع خدمات أمازون لبناء حلول الويب، كما يساعد البرنامج المتدربين في اختيار الخدمات المناسبة لتنفيذ الحلول ونشرها على السحابة باستخدام الـ SDKs و الـ CLI.,", تعليم المطورين كيفية التفاعل برمجيًا مع خدمات AWS لبناء حلول ويب, استخدام مجموعات تطوير البرمجيات (AWS SDKs) واستخدام واجهة سطر الأوامر (AWS CLI) في بناء ونشر التطبيقات البرمجية على السحابة., إتقان إعداد الصلاحيات والمصادقات لبيئات التطوير ومعالجة البيانات باستخدام خدمات AWS الأساسية., أمثلة عملية خلال المعسكر توضح كيفية استخدام وتنفيذ أنماط التصميم باستخدام مجموعات تطوير البرمجيات لـ AWS بلغات Python و .Net و Java، وواجهة سطر الأوامر لـ AWS ولوحة تحكم إدارة AWS ",الرياض,4 أسابيع,04:00 م - 10:00 م,10/13/2024,11/7/2024,كبار,", هل يتوفر سكن لطلاب المعسكر؟, هل توجد شهادة بعد انتهاء المعسكر / البرنامج؟, هل يتم إشعاري بالقبول؟",", توجد خصومات خاصة لطلاب أكاديمية طويق في عدد من الفنادق والشقق., تقدم أكاديمية طويق معسكرات وبرامج بشهادات احترافية بالشراكة مع كبرى الجهات العالمية، بالإضافة إلى شهادات حضور لكافة المعسكرات والبرامج., يتم إشعارك بالقبول النهائي عبر البريد الإلكتروني قبل بدء المعسكر / البرنامج بفترة كافية.",https://tuwaiq.edu.sa/bootcamp/Z1l5AlN3/view,"AWS, JavaScript, Node.js","مهارة تطوير تطبيقات الويب, مهارة استخدام AWS, مهارة البرمجة باستخدام JavaScript وNode.js","مطور ويب (Web Developer), مهندس حلول سحابية (Cloud Solutions Engineer), مطور سحابي (Cloud Developer)"
هندسة الحلول السحابية المتقدمة AWS,معسكر,يهدف المعسكر إلى تنوير المتدربين بشأن كيفية التعامل مع تحديات بنيوية شائعة تواجه المنظمات التي تعمل على نطاق واسع بحسابات متعددة، يشمل التعامل مع هذه التحديات الاختيار المناسب للخدمات والمزايا التي تقدمها أمازون.,", تطوير مهارات وقدرات المتدربين في فهم متطلبات العملاء وترجمتها إلى حلول سحابية متقدمة على منصة أمازون. , إكساب المتدربين الخبرة والمعرفة اللازمة لتحليل وتصميم حلول سحابية متقدمة باستخدام خدمات أمازون., إدارة الحسابات المتعددة، التوصيل بين البنية التحتية السحابية والخارجية، الشبكات المتقدمة؛ خدمات الـ Containers وأدوات الأتمتة وتقنيات (CI/CD)., التعرف على خدمات تخزين ومعالجة البيانات الضخمة AWS Data Lakes, تطبيقات الأمان والأداء والموثوقية بالإضافة إلى استخدام أفضل الممارسات والتقنيات الحديثة في مجال الحوسبة السحابية., تصميم أفضل الحلول للعديد من السيناريوهات والتحديات",الرياض,4 أسابيع,04:00 م - 10:00 م,11/3/2024,11/28/2024,كبار,", هل يتوفر سكن لطلاب المعسكر؟, هل توجد شهادة بعد انتهاء المعسكر / البرنامج؟, هل يتم إشعاري بالقبول؟",", توجد خصومات خاصة لطلاب أكاديمية طويق في عدد من الفنادق والشقق., تقدم أكاديمية طويق معسكرات وبرامج بشهادات احترافية بالشراكة مع كبرى الجهات العالمية، بالإضافة إلى شهادات حضور لكافة المعسكرات والبرامج., يتم إشعارك بالقبول النهائي عبر البريد الإلكتروني قبل بدء المعسكر / البرنامج بفترة كافية.",https://tuwaiq.edu.sa/bootcamp/QNLPN8R3/view,"AWS, Terraform, Ansible","مهارة تصميم حلول سحابية متقدمة, مهارة استخدام Terraform وAnsible, مهارة إدارة البنية التحتية السحابية","مهندس حلول سحابية متقدمة (Advanced Cloud Solutions Engineer), مهندس بنية تحتية السحابية (Cloud Infrastructure Engineer), مستشار حلول سحابية (Cloud Solutions Consultant)"
إدارة عمليات الحوسبة السحابية AWS,معسكر,يهدف البرنامج إلى إكساب المتدربين المهارات والمعرفة اللازمة لإدارة وتشغيل بنية السحابة باستخدام خدمات AWS لضمان تشغيل ومراقبة البنية التحتية بشكل فعال يقلل من حدوث المشاكل.,", تعلم كيفية استخدام الأدوات والخدمات المختلفة في أمازون لتكوين وتشغيل البيئات السحابية. , استخدام أدوات المراقبة والصيانة المقدمة من أمازون لضمان استمرارية وأداء عالي للخدمات والأنظمة., فهم وتطبيق أفضل الممارسات في عمليات السحابة والأمان., تحليل وحل المشاكل والتحديات التي قد تواجه المشغلين في بيئة أمازون , العمل بفعالية كمشرفين لنظام أمازون وتنفيذ مهام الإدارة اليومية",الرياض,4 أسابيع,04:00 م - 10:00 م,11/3/2024,11/28/2024,كبار,", هل توجد شهادة بعد انتهاء المعسكر / البرنامج؟, هل يتم إشعاري بالقبول؟",", تقدم أكاديمية طويق معسكرات وبرامج بشهادات احترافية بالشراكة مع كبرى الجهات العالمية، بالإضافة إلى شهادات حضور لكافة المعسكرات والبرامج., يتم إشعارك بالقبول النهائي عبر البريد الإلكتروني قبل بدء المعسكر / البرنامج بفترة كافية.",https://tuwaiq.edu.sa/bootcamp/3oKm1KZE/view,"AWS, Docker, Kubernetes","مهارة إدارة الخدمات السحابية, مهارة استخدام Docker وKubernetes, مهارة البرمجة باستخدام Python","مهندس عمليات السحابة (Cloud Operations Engineer), مسؤول النظام السحابي (Cloud Systems Administrator), مهندس بنية تحتية السحابية (Cloud Infrastructure Engineer)"
إدارة عمليات الحوسبة السحابية AWS,معسكر,يهدف المعسكر إلى إكساب المتدربين المهارات والمعرفة اللازمة لإدارة وتشغيل بنية السحابة باستخدام خدمات AWS لضمان تشغيل ومراقبة البنية التحتية بشكل فعال يقلل من حدوث المشاكل.,", تعلم كيفية استخدام الأدوات والخدمات المختلفة في أمازون لتكوين وتشغيل البيئات السحابية. , استخدام أدوات المراقبة والصيانة المقدمة من أمازون لضمان استمرارية وأداء عالي للخدمات والأنظمة., فهم وتطبيق أفضل الممارسات في عمليات السحابة والأمان., تحليل وحل المشاكل والتحديات التي قد تواجه المشغلين في بيئة أمازون , العمل بفعالية كمشرفين لنظام أمازون وتنفيذ مهام الإدارة اليومية",الرياض,4 أسابيع,04:00 م - 10:00 م,12/8/2024,1/2/2025,كبار,", هل يتوفر سكن لطلاب المعسكر؟, هل توجد شهادة بعد انتهاء المعسكر / البرنامج؟, هل يتم إشعاري بالقبول؟",", توجد خصومات خاصة لطلاب أكاديمية طويق في عدد من الفنادق والشقق., تقدم أكاديمية طويق معسكرات وبرامج بشهادات احترافية بالشراكة مع كبرى الجهات العالمية، بالإضافة إلى شهادات حضور لكافة المعسكرات والبرامج., يتم إشعارك بالقبول النهائي عبر البريد الإلكتروني قبل بدء المعسكر / البرنامج بفترة كافية.",https://tuwaiq.edu.sa/bootcamp/2RPAOKZv/view,"AWS, Docker, Kubernetes","مهارة إدارة الخدمات السحابية, مهارة استخدام Docker وKubernetes, مهارة البرمجة باستخدام Python","مهندس عمليات السحابة (Cloud Operations Engineer), مسؤول النظام السحابي (Cloud Systems Administrator), مهندس بنية تحتية السحابية (Cloud Infrastructure Engineer)"
